生產日期,部門,訂單號,款號,款號名稱,顏色,訂單總數,製程,當日生產數量
2026-03-02,針五組,VS2511042,VIC170B15AA0,15寸背包,BLACK 黑色,1000,針車,30
2026-03-02,針六組,VS2511036,CIT014C14G0,24罐無拉鏈冰袋,灰色/G0,5000,針車,580
2026-03-02,針七組,VS2512005,SPG210K14T0,"30""裝備袋C0（常規）",棕色CARHARTT BROWN,1086,針車,76
2026-03-02,針八組,VS2510005,CIS073C17Z2,SAM'S 2026 9寸保鮮午餐桶 5721SU,黑色+深灰,45558,針車,750
2026-03-02,針九組,VS2511024,CIS073C17Z2,SAM'S 2026 9寸保鮮午餐桶 5721SU,黑色+深灰,45185,針車,800
2026-03-02,針十组,1,配件,,,999999,針車,0
2026-03-02,針十一组,VS2510005,CIS073C17Z3,SAM'S 2026 9寸保鮮午餐桶 5721SU,藍色+藏藍,45558,針車,800
2026-03-02,針十二组,VS2511024,CIS073C17Z3,SAM'S 2026 9寸保鮮午餐桶 5721SU,藍色+藏藍,45185,針車,800
2026-03-02,打釘組A,1,配件,,,999999,後整,0
2026-03-02,針XY1組,VS2510021,CIC016C44Z2,"10""EVA壓膜午餐袋",Z2/復古藍19-4118TPG,12000,針車,1050
2026-03-02,針XY2組,VS2510021,CIC016C44Z3,"10""EVA壓膜午餐袋",Z3/黑色,24800,針車,1050
2026-03-02,針XY3組,VS2510042,CIC017C43Z4,COSTCO 2026 40罐EVA壓膜折疊冰袋,Z4/烏黑19-4104TPG,127120,針車,825
2026-03-02,針XY4組,VS2510042,CIC017C43Z5,COSTCO 2026 40罐EVA壓膜折疊冰袋,Z5/灰褐色17-1311TPG,83920,針車,825
2026-03-02,針XY5組,VS2510042,CIC017C43Z5,COSTCO 2026 40罐EVA壓膜折疊冰袋,Z5/灰褐色17-1311TPG,83920,針車,825
2026-03-02,針XY6組,VS2510042,CIC017C43Z4,COSTCO 2026 40罐EVA壓膜折疊冰袋,Z4/烏黑19-4104TPG,127120,針車,825
2026-03-02,針BH1組,VS2511027,CIW211C13B1,24罐無拉鏈冰袋,B1/海藍色19-4042TPG,30000,成型,665
2026-03-02,針BH1組,VS2512025,CIW211C13B1,24罐無拉鏈冰袋,B1/海藍色19-4042TPG,10000,成型,485
2026-03-02,針BH2組,VS2512001,CIW211C12B1,12罐無拉鏈冰袋,B1/海藍色19-4042TPG,40000,成型,1050
2026-03-02,針BH3組,VS2510028,CIC015C21Z17,"COSTCO 2026 16""手提冰袋",Z17/橄欖綠18-0316TPG,3951,成型,905
2026-03-02,針BH4組,VS2512042,CIW029C8Z0,"8""方形午餐袋",Z0/水彩蝴蝶印花,20480,成型,1600
2026-03-02,針BH6組,VS2512001,CIW211C12B0,12罐無拉鏈冰袋,B0/霧藍色,16000,成型,900
2026-03-02,針一組,VS2512019,SPG200K151T0,高級午餐冰袋（LEEDS）, 棕色(CARHARTT BROWN),13284,針車,1334
2026-03-02,針二組,VS2511026,CIT019C14B0,24罐無拉鏈冰袋,B0/天藍色,10000,針車,785
2026-03-02,針三組,VS2510005,CIS073C17Z4,SAM'S 2026 9寸保鮮午餐桶 5721SU,粉色+桃紅,23778,針車,745
2026-03-02,針四組,VS2511004,TLP053K14A0,"14""冰袋",BLACK / 黑色,2000,針車,200
2026-03-02,外協組,VS2511039,CIS022C01Z05,"SAM'S 26""大購物袋 2026 H1",Z05/紅色+淡橙色,54185,,1400
2026-03-02,外協組,VS2509041,CIS022C01Z09,"SAM'S 26""大購物袋 2026 H1",Z09/米白+藍色,65021,,1300
2026-03-02,外協組,VS2512005,SPG210K05A0,手提包C0（常規）,黑色BLACK,6594,,1200
2026-03-03,外協組,VS2511039,CIS022C01Z05,"SAM'S 26""大購物袋 2026 H1",Z05/紅色+淡橙色,54185,,1400
2026-03-03,外協組,VS2509041,CIS022C01Z09,"SAM'S 26""大購物袋 2026 H1",Z09/米白+藍色,65021,,1400
2026-03-03,外協組,VS2512005,SPG210K05A0,手提包C0（常規）,黑色BLACK,6594,,1500
2026-03-03,針一組,VS2512019,SPG200K151T0,高級午餐冰袋（LEEDS）, 棕色(CARHARTT BROWN),13284,針車,1335
2026-03-03,針二組,VS2511026,CIT019C14B0,24罐無拉鏈冰袋,B0/天藍色,10000,針車,804
2026-03-03,針三組,VS2510005,CIS073C17Z4,SAM'S 2026 9寸保鮮午餐桶 5721SU,粉色+桃紅,23778,針車,750
2026-03-03,針四組,VS2511004,TLP053K14A0,"14""冰袋",BLACK / 黑色,2000,針車,190
2026-03-03,針五組,VS2511042,VIC170B15AA0,15寸背包,BLACK 黑色,1000,針車,31
2026-03-03,針六組,VS2512017,SPG200K12A0,可收納旅行袋,黑色BLACK,2376,針車,245
2026-03-03,針七組,VS2511040,VIC170-2B17A0,背包1（肩帶尾調節方式改同VIC150）,BLACK黑色,1000,針車,0
2026-03-03,針八組,VS2510005,CIS073C17Z2,SAM'S 2026 9寸保鮮午餐桶 5721SU,黑色+深灰,45558,針車,735
2026-03-03,針九組,VS2511024,CIS073C17Z2,SAM'S 2026 9寸保鮮午餐桶 5721SU,黑色+深灰,45185,針車,800
2026-03-03,針十组,1,配件,,,999999,針車,0
2026-03-03,針十一组,VS2510005,CIS073C17Z3,SAM'S 2026 9寸保鮮午餐桶 5721SU,藍色+藏藍,45558,針車,800
2026-03-03,針十二组,VS2511024,CIS073C17Z3,SAM'S 2026 9寸保鮮午餐桶 5721SU,藍色+藏藍,45185,針車,700
2026-03-03,打釘組A,1,配件,,,999999,後整,0
2026-03-03,針XY1組,VS2510021,CIC016C44Z2,"10""EVA壓膜午餐袋",Z2/復古藍19-4118TPG,12000,針車,1050
2026-03-03,針XY2組,VS2510021,CIC016C44Z3,"10""EVA壓膜午餐袋",Z3/黑色,24800,針車,1050
2026-03-03,針XY3組,VS2510042,CIC017C43Z4,COSTCO 2026 40罐EVA壓膜折疊冰袋,Z4/烏黑19-4104TPG,127120,針車,900
2026-03-03,針XY4組,VS2510042,CIC017C43Z5,COSTCO 2026 40罐EVA壓膜折疊冰袋,Z5/灰褐色17-1311TPG,83920,針車,900
2026-03-03,針XY5組,VS2510042,CIC017C43Z5,COSTCO 2026 40罐EVA壓膜折疊冰袋,Z5/灰褐色17-1311TPG,83920,針車,900
2026-03-03,針XY6組,VS2510042,CIC017C43Z4,COSTCO 2026 40罐EVA壓膜折疊冰袋,Z4/烏黑19-4104TPG,127120,針車,900
2026-03-03,針BH1組,VS2512025,CIW211C13B1,24罐無拉鏈冰袋,B1/海藍色19-4042TPG,10000,成型,1150
2026-03-03,針BH2組,VS2512001,CIW211C12B1,12罐無拉鏈冰袋,B1/海藍色19-4042TPG,40000,成型,1050
2026-03-03,針BH3組,VS2510028,CIC015C21Z05,"COSTCO 2026 16""手提冰袋",Z05/黑色,5919,成型,905
2026-03-03,針BH4組,VS2512042,CIW029C8Z0,"8""方形午餐袋",Z0/水彩蝴蝶印花,20480,成型,1700
2026-03-03,針BH6組,VS2512001,CIW211C12B0,12罐無拉鏈冰袋,B0/霧藍色,16000,成型,920
2026-03-04,針一組,VS2512019,SPG200K151T0,高級午餐冰袋（LEEDS）, 棕色(CARHARTT BROWN),13284,針車,1335
2026-03-04,針二組,VS2511026,CIT019C14B0,24罐無拉鏈冰袋,B0/天藍色,10000,針車,772
2026-03-04,針三組,VS2510005,CIS073C17Z4,SAM'S 2026 9寸保鮮午餐桶 5721SU,粉色+桃紅,23778,針車,666
2026-03-04,針四組,VS2511004,TLP053K14A0,"14""冰袋",BLACK / 黑色,2000,針車,65
2026-03-04,針五組,VS2511042,VIC170B15AA0,15寸背包,BLACK 黑色,1000,針車,120
2026-03-04,針六組,VS2512017,SPG200K12A0,可收納旅行袋,黑色BLACK,2376,針車,600
2026-03-04,針七組,VS2511040,VIC170-2B17A0,背包1（肩帶尾調節方式改同VIC150）,BLACK黑色,1000,針車,40
2026-03-04,針八組,VS2510005,CIS073C17Z2,SAM'S 2026 9寸保鮮午餐桶 5721SU,黑色+深灰,45558,針車,700
2026-03-04,針九組,VS2511024,CIS073C17Z2,SAM'S 2026 9寸保鮮午餐桶 5721SU,黑色+深灰,45185,針車,800
2026-03-04,針十组,1,配件,,,999999,針車,0
2026-03-04,針十一组,VS2510005,CIS073C17Z3,SAM'S 2026 9寸保鮮午餐桶 5721SU,藍色+藏藍,45558,針車,800
2026-03-04,針十二组,VS2511024,CIS073C17Z3,SAM'S 2026 9寸保鮮午餐桶 5721SU,藍色+藏藍,45185,針車,700
2026-03-04,打釘組A,1,配件,,,999999,後整,0
2026-03-04,針XY1組,VS2510021,CIC016C44Z2,"10""EVA壓膜午餐袋",Z2/復古藍19-4118TPG,12000,針車,1050
2026-03-04,針XY2組,VS2510021,CIC016C44Z3,"10""EVA壓膜午餐袋",Z3/黑色,24800,針車,800
2026-03-04,針XY2組,VS2511016,SPG210K162A0,16寸工具袋C0（常規）,黑色BLACK,1008,針車,233
2026-03-04,針XY3組,VS2511008,CIC017C43Z4,COSTCO 2026 40罐EVA壓膜折疊冰袋,Z4/烏黑19-4104TPG,2819,針車,925
2026-03-04,針XY4組,VS2511008,CIC017C43Z5,COSTCO 2026 40罐EVA壓膜折疊冰袋,Z5/灰褐色17-1311TPG,2135,針車,925
2026-03-04,針XY5組,VS2511008,CIC017C43Z5,COSTCO 2026 40罐EVA壓膜折疊冰袋,Z5/灰褐色17-1311TPG,2135,針車,925
2026-03-04,針XY6組,VS2511008,CIC017C43Z4,COSTCO 2026 40罐EVA壓膜折疊冰袋,Z4/烏黑19-4104TPG,2819,針車,925
2026-03-04,針BH1組,VS2511027,CIW211C13B1,24罐無拉鏈冰袋,B1/海藍色19-4042TPG,30000,成型,665
2026-03-04,針BH1組,VS2512025,CIW211C13B1,24罐無拉鏈冰袋,B1/海藍色19-4042TPG,10000,成型,540
2026-03-04,針BH2組,VS2512001,CIW211C12B1,12罐無拉鏈冰袋,B1/海藍色19-4042TPG,40000,成型,1050
2026-03-04,針BH3組,VS2511038,CIC015C21Z07,"COSTCO 2026 16""手提冰袋",Z07/PR2258灰色印花,2410,成型,10
2026-03-04,針BH3組,VS2510041,CIC015C21Z16,"COSTCO 2026 16""手提冰袋",Z16/藏藍19-4111TPG,2525,成型,12
2026-03-04,針BH3組,VS2510041,CIC015C21Z07,"COSTCO 2026 16""手提冰袋",Z07/PR2258灰色印花,2525,成型,4
2026-03-04,針BH3組,VS2510028,CIC015C21Z17,"COSTCO 2026 16""手提冰袋",Z17/橄欖綠18-0316TPG,3951,成型,150
2026-03-04,針BH3組,VS2510028,CIC015C21Z05,"COSTCO 2026 16""手提冰袋",Z05/黑色,5919,成型,305
2026-03-04,針BH4組,VS2512042,CIW029C8Z0,"8""方形午餐袋",Z0/水彩蝴蝶印花,20480,成型,1750
2026-03-04,針BH6組,VS2512001,CIW211C12B0,12罐無拉鏈冰袋,B0/霧藍色,16000,成型,920
2026-03-04,外協組,VS2511039,CIS022C01Z05,"SAM'S 26""大購物袋 2026 H1",Z05/紅色+淡橙色,54185,,1300
2026-03-04,外協組,VS2509041,CIS022C01Z09,"SAM'S 26""大購物袋 2026 H1",Z09/米白+藍色,65021,,1400
2026-03-04,外協組,VS2512005,SPG210K05A0,手提包C0（常規）,黑色BLACK,6594,,1500
2026-03-05,針XY5組,VS2510042,CIC017C43Z5,COSTCO 2026 40罐EVA壓膜折疊冰袋,Z5/灰褐色17-1311TPG,83920,針車,800
2026-03-05,針XY6組,VS2510042,CIC017C43Z4,COSTCO 2026 40罐EVA壓膜折疊冰袋,Z4/烏黑19-4104TPG,127120,針車,800
2026-03-05,針BH1組,VS2512025,CIW211C13B1,24罐無拉鏈冰袋,B1/海藍色19-4042TPG,10000,成型,1300
2026-03-05,針BH2組,VS2512001,CIW211C12B1,12罐無拉鏈冰袋,B1/海藍色19-4042TPG,40000,成型,1070
2026-03-05,針BH3組,VS2511038,CIC015C21Z07,"COSTCO 2026 16""手提冰袋",Z07/PR2258灰色印花,2410,成型,4
2026-03-05,針BH3組,VS2510041,CIC015C21Z16,"COSTCO 2026 16""手提冰袋",Z16/藏藍19-4111TPG,2525,成型,7
2026-03-05,針BH3組,VS2510041,CIC015C21Z07,"COSTCO 2026 16""手提冰袋",Z07/PR2258灰色印花,2525,成型,9
2026-03-05,針BH3組,VS2510028,CIC015C21Z17,"COSTCO 2026 16""手提冰袋",Z17/橄欖綠18-0316TPG,3951,成型,173
2026-03-05,針BH3組,VS2510028,CIC015C21Z05,"COSTCO 2026 16""手提冰袋",Z05/黑色,5919,成型,90
2026-03-05,針BH4組,VS2512042,CIW029C8Z0,"8""方形午餐袋",Z0/水彩蝴蝶印花,20480,成型,1800
2026-03-05,針BH6組,VS2512001,CIW211C12B0,12罐無拉鏈冰袋,B0/霧藍色,16000,成型,920
2026-03-05,針一組,VS2512019,SPG200K151T0,高級午餐冰袋（LEEDS）, 棕色(CARHARTT BROWN),13284,針車,1335
2026-03-05,針二組,VS2511026,CIT019C14B0,24罐無拉鏈冰袋,B0/天藍色,10000,針車,250
2026-03-05,針三組,VS2510005,CIS073C17Z4,SAM'S 2026 9寸保鮮午餐桶 5721SU,粉色+桃紅,23778,針車,800
2026-03-05,針四組,VS2512011,STA010D17Z1,"17""旅行袋-3D愛心",Z1/蝴蝶紫愛心,500,針車,150
2026-03-05,針五組,VS2511042,VIC170B15AA0,15寸背包,BLACK 黑色,1000,針車,116
2026-03-05,針六組,VS2512017,SPG200K12A0,可收納旅行袋,黑色BLACK,2376,針車,750
2026-03-05,針七組,VS2511040,VIC170-2B17A0,背包1（肩帶尾調節方式改同VIC150）,BLACK黑色,1000,針車,60
2026-03-05,針八組,VS2510005,CIS073C17Z2,SAM'S 2026 9寸保鮮午餐桶 5721SU,黑色+深灰,45558,針車,688
2026-03-05,針九組,VS2511024,CIS073C17Z2,SAM'S 2026 9寸保鮮午餐桶 5721SU,黑色+深灰,45185,針車,800
2026-03-05,針十组,1,配件,,,999999,針車,0
2026-03-05,針十一组,VS2510005,CIS073C17Z3,SAM'S 2026 9寸保鮮午餐桶 5721SU,藍色+藏藍,45558,針車,800
2026-03-05,針十二组,VS2511024,CIS073C17Z3,SAM'S 2026 9寸保鮮午餐桶 5721SU,藍色+藏藍,45185,針車,800
2026-03-05,打釘組A,1,配件,,,999999,後整,0
2026-03-05,針XY1組,VS2510021,CIC016C44Z2,"10""EVA壓膜午餐袋",Z2/復古藍19-4118TPG,12000,針車,300
2026-03-05,針XY2組,VS2510021,CIC016C44Z3,"10""EVA壓膜午餐袋",Z3/黑色,24800,針車,800
2026-03-05,針XY3組,VS2511008,CIC017C43Z4,COSTCO 2026 40罐EVA壓膜折疊冰袋,Z4/烏黑19-4104TPG,2819,針車,800
2026-03-05,針XY4組,VS2511008,CIC017C43Z5,COSTCO 2026 40罐EVA壓膜折疊冰袋,Z5/灰褐色17-1311TPG,2135,針車,285
2026-03-05,針XY4組,VS2510042,CIC017C43Z5,COSTCO 2026 40罐EVA壓膜折疊冰袋,Z5/灰褐色17-1311TPG,83920,針車,515
2026-03-05,外協組,VS2509041,CIS022C01Z09,"SAM'S 26""大購物袋 2026 H1",Z09/米白+藍色,65021,,1300
2026-03-05,外協組,VS2512005,SPG210K05A0,手提包C0（常規）,黑色BLACK,6594,,240
2026-03-05,外協組,VS2511039,CIS022C01Z05,"SAM'S 26""大購物袋 2026 H1",Z05/紅色+淡橙色,54185,,1300
2026-03-06,針一組,VS2512019,SPG200K151A0,高級午餐冰袋（LEEDS）,黑色 BLACK,12132,針車,1335
2026-03-06,針二組,VS2512021,SPG200K11T0,工具手提包,棕色 CARHARTT BROWN,4728,針車,205
2026-03-06,針三組,VS2510005,CIS073C17Z4,SAM'S 2026 9寸保鮮午餐桶 5721SU,粉色+桃紅,23778,針車,800
2026-03-06,針四組,VS2512011,STA010D17Z1,"17""旅行袋-3D愛心",Z1/蝴蝶紫愛心,500,針車,156
2026-03-06,針五組,VS2511042,VIC170B15AA0,15寸背包,BLACK 黑色,1000,針車,160
2026-03-06,針六組,VS2512017,SPG200K12A0,可收納旅行袋,黑色BLACK,2376,針車,730
2026-03-06,針七組,VS2511040,VIC170-2B17A0,背包1（肩帶尾調節方式改同VIC150）,BLACK黑色,1000,針車,80
2026-03-06,針八組,VS2510005,CIS073C17Z2,SAM'S 2026 9寸保鮮午餐桶 5721SU,黑色+深灰,45558,針車,585
2026-03-06,針九組,VS2511024,CIS073C17Z2,SAM'S 2026 9寸保鮮午餐桶 5721SU,黑色+深灰,45185,針車,800
2026-03-06,針十组,1,配件,,,999999,針車,0
2026-03-06,針十一组,VS2510005,CIS073C17Z3,SAM'S 2026 9寸保鮮午餐桶 5721SU,藍色+藏藍,45558,針車,800
2026-03-06,針十二组,VS2511024,CIS073C17Z3,SAM'S 2026 9寸保鮮午餐桶 5721SU,藍色+藏藍,45185,針車,800
2026-03-06,打釘組A,1,配件,,,999999,後整,0
2026-03-06,針XY1組,VS2510021,CIC016C44Z2,"10""EVA壓膜午餐袋",Z2/復古藍19-4118TPG,12000,針車,1100
2026-03-06,針XY2組,VS2510042,CIC017C43Z5,COSTCO 2026 40罐EVA壓膜折疊冰袋,Z5/灰褐色17-1311TPG,83920,針車,400
2026-03-06,針XY3組,VS2511008,CIC017C43Z4,COSTCO 2026 40罐EVA壓膜折疊冰袋,Z4/烏黑19-4104TPG,2819,針車,169
2026-03-06,針XY3組,VS2510042,CIC017C43Z4,COSTCO 2026 40罐EVA壓膜折疊冰袋,Z4/烏黑19-4104TPG,127120,針車,631
2026-03-06,針XY4組,VS2510042,CIC017C43Z5,COSTCO 2026 40罐EVA壓膜折疊冰袋,Z5/灰褐色17-1311TPG,83920,針車,800
2026-03-06,針XY5組,VS2510042,CIC017C43Z5,COSTCO 2026 40罐EVA壓膜折疊冰袋,Z5/灰褐色17-1311TPG,83920,針車,800
2026-03-06,針XY6組,VS2510042,CIC017C43Z4,COSTCO 2026 40罐EVA壓膜折疊冰袋,Z4/烏黑19-4104TPG,127120,針車,800
2026-03-06,針BH1組,VS2512025,CIW211C13B1,24罐無拉鏈冰袋,B1/海藍色19-4042TPG,10000,成型,850
2026-03-06,針BH2組,VS2512001,CIW211C12B1,12罐無拉鏈冰袋,B1/海藍色19-4042TPG,40000,成型,750
2026-03-06,針BH3組,VS2510028,CIC015C21Z17,"COSTCO 2026 16""手提冰袋",Z17/橄欖綠18-0316TPG,3951,成型,25
2026-03-06,針BH3組,VS2512015,CIW015C10-2A0,"10-2""側開午餐袋(無插扣)",A0/黑色/灰色,21216,成型,353
2026-03-06,針BH4組,VS2512042,CIW029C8Z0,"8""方形午餐袋",Z0/水彩蝴蝶印花,20480,成型,1200
2026-03-06,針BH6組,VS2512001,CIW211C12B0,12罐無拉鏈冰袋,B0/霧藍色,16000,成型,602
2026-03-06,外協組,VS2511039,CIS022C01Z05,"SAM'S 26""大購物袋 2026 H1",Z05/紅色+淡橙色,54185,,1400
2026-03-06,外協組,VS2509041,CIS022C01Z09,"SAM'S 26""大購物袋 2026 H1",Z09/米白+藍色,65021,,1400
2026-03-07,外協組,VS2511039,CIS022C02Z01,"SAM'S 26""大購物袋 2026 H1",Z01/米白+紅白間色肩帶,68633,,1400
2026-03-07,外協組,VS2509041,CIS022C01Z09,"SAM'S 26""大購物袋 2026 H1",Z09/米白+藍色,65021,,1200
2026-03-07,外協組,VS2512005,SPG210K05A0,手提包C0（常規）,黑色BLACK,6594,,54
2026-03-07,針一組,VS2512019,SPG200K151A0,高級午餐冰袋（LEEDS）,黑色 BLACK,12132,針車,1335
2026-03-07,針二組,VS2512021,SPG200K11T0,工具手提包,棕色 CARHARTT BROWN,4728,針車,405
2026-03-07,針三組,VS2510005,CIS073C17Z4,SAM'S 2026 9寸保鮮午餐桶 5721SU,粉色+桃紅,23778,針車,800
2026-03-07,針四組,VS2512011,STA010D17Z1,"17""旅行袋-3D愛心",Z1/蝴蝶紫愛心,500,針車,42
2026-03-07,針四組,VS2511042,VIC200B16A0,"16""單肩背包",BLACK黑色,1000,針車,1
2026-03-07,針五組,VS2511042,VIC170B15AA0,15寸背包,BLACK 黑色,1000,針車,170
2026-03-07,針六組,VS2511043,VIC340B15A0,15寸伸縮背包,黑色,500,針車,0
2026-03-07,針七組,VS2511040,VIC170-2B17A0,背包1（肩帶尾調節方式改同VIC150）,BLACK黑色,1000,針車,50
2026-03-07,針八組,VS2510005,CIS073C17Z2,SAM'S 2026 9寸保鮮午餐桶 5721SU,黑色+深灰,45558,針車,552
2026-03-07,針九組,VS2511024,CIS073C17Z2,SAM'S 2026 9寸保鮮午餐桶 5721SU,黑色+深灰,45185,針車,800
2026-03-07,針十组,1,配件,,,999999,針車,0
2026-03-07,針十一组,VS2510005,CIS073C17Z3,SAM'S 2026 9寸保鮮午餐桶 5721SU,藍色+藏藍,45558,針車,800
2026-03-07,針十二组,VS2511024,CIS073C17Z3,SAM'S 2026 9寸保鮮午餐桶 5721SU,藍色+藏藍,45185,針車,712
2026-03-07,打釘組A,1,配件,,,999999,後整,0
2026-03-07,針XY1組,VS2510021,CIC016C44Z2,"10""EVA壓膜午餐袋",Z2/復古藍19-4118TPG,12000,針車,1100
2026-03-07,針XY2組,VS2510042,CIC017C43Z4,COSTCO 2026 40罐EVA壓膜折疊冰袋,Z4/烏黑19-4104TPG,127120,針車,560
2026-03-07,針XY3組,VS2510042,CIC017C43Z4,COSTCO 2026 40罐EVA壓膜折疊冰袋,Z4/烏黑19-4104TPG,127120,針車,800
2026-03-07,針XY4組,VS2510042,CIC017C43Z5,COSTCO 2026 40罐EVA壓膜折疊冰袋,Z5/灰褐色17-1311TPG,83920,針車,800
2026-03-07,針XY5組,VS2510042,CIC017C43Z5,COSTCO 2026 40罐EVA壓膜折疊冰袋,Z5/灰褐色17-1311TPG,83920,針車,800
2026-03-07,針XY6組,VS2510042,CIC017C43Z4,COSTCO 2026 40罐EVA壓膜折疊冰袋,Z4/烏黑19-4104TPG,127120,針車,800
2026-03-07,針BH1組,VS2512025,CIW211C13B1,24罐無拉鏈冰袋,B1/海藍色19-4042TPG,10000,成型,1200
2026-03-07,針BH2組,VS2512001,CIW211C12B1,12罐無拉鏈冰袋,B1/海藍色19-4042TPG,40000,成型,1100
2026-03-07,針BH3組,VS2512015,CIW015C10-2A0,"10-2""側開午餐袋(無插扣)",A0/黑色/灰色,21216,成型,800
2026-03-07,針BH4組,VS2512042,CIW029C8Z0,"8""方形午餐袋",Z0/水彩蝴蝶印花,20480,成型,1800
2026-03-07,針BH6組,VS2512001,CIW211C12B0,12罐無拉鏈冰袋,B0/霧藍色,16000,成型,900
2026-03-08,針XY2組,VS2510042,CIC017C43Z4,COSTCO 2026 40罐EVA壓膜折疊冰袋,Z4/烏黑19-4104TPG,127120,針車,350
2026-03-08,針XY3組,VS2510042,CIC017C43Z4,COSTCO 2026 40罐EVA壓膜折疊冰袋,Z4/烏黑19-4104TPG,127120,針車,600
2026-03-08,針XY4組,VS2510042,CIC017C43Z5,COSTCO 2026 40罐EVA壓膜折疊冰袋,Z5/灰褐色17-1311TPG,83920,針車,600
2026-03-08,針XY5組,VS2510042,CIC017C43Z5,COSTCO 2026 40罐EVA壓膜折疊冰袋,Z5/灰褐色17-1311TPG,83920,針車,600
2026-03-08,針XY6組,VS2510042,CIC017C43Z4,COSTCO 2026 40罐EVA壓膜折疊冰袋,Z4/烏黑19-4104TPG,127120,針車,600
2026-03-09,針一組,VS2512019,SPG200K151A0,高級午餐冰袋（LEEDS）,黑色 BLACK,12132,針車,1335
2026-03-09,針二組,VS2512021,SPG200K11T0,工具手提包,棕色 CARHARTT BROWN,4728,針車,650
2026-03-09,針三組,VS2510005,CIS073C17Z4,SAM'S 2026 9寸保鮮午餐桶 5721SU,粉色+桃紅,23778,針車,815
2026-03-09,針四組,VS2511042,VIC200B16A0,"16""單肩背包",BLACK黑色,1000,針車,52
2026-03-09,針五組,VS2511042,VIC170B15AA0,15寸背包,BLACK 黑色,1000,針車,144
2026-03-09,針六組,VS2511043,VIC340B15A0,15寸伸縮背包,黑色,500,針車,0
2026-03-09,針七組,VS2511040,VIC170-2B17A0,背包1（肩帶尾調節方式改同VIC150）,BLACK黑色,1000,針車,24
2026-03-09,針八組,VS2510005,CIS073C17Z2,SAM'S 2026 9寸保鮮午餐桶 5721SU,黑色+深灰,45558,針車,650
2026-03-09,針九組,VS2511024,CIS073C17Z2,SAM'S 2026 9寸保鮮午餐桶 5721SU,黑色+深灰,45185,針車,760
2026-03-09,針十组,1,配件,,,999999,針車,0
2026-03-09,針十一组,VS2510005,CIS073C17Z3,SAM'S 2026 9寸保鮮午餐桶 5721SU,藍色+藏藍,45558,針車,840
2026-03-09,針十二组,VS2511024,CIS073C17Z3,SAM'S 2026 9寸保鮮午餐桶 5721SU,藍色+藏藍,45185,針車,703
2026-03-09,打釘組A,1,配件,,,999999,後整,0
2026-03-09,針XY1組,VS2510021,CIC016C44Z3,"10""EVA壓膜午餐袋",Z3/黑色,24800,針車,1100
2026-03-09,針XY2組,VS2510042,CIC017C43Z4,COSTCO 2026 40罐EVA壓膜折疊冰袋,Z4/烏黑19-4104TPG,127120,針車,630
2026-03-09,針XY3組,VS2510042,CIC017C43Z4,COSTCO 2026 40罐EVA壓膜折疊冰袋,Z4/烏黑19-4104TPG,127120,針車,900
2026-03-09,針XY4組,VS2510042,CIC017C43Z5,COSTCO 2026 40罐EVA壓膜折疊冰袋,Z5/灰褐色17-1311TPG,83920,針車,900
2026-03-09,針XY5組,VS2510042,CIC017C43Z5,COSTCO 2026 40罐EVA壓膜折疊冰袋,Z5/灰褐色17-1311TPG,83920,針車,900
2026-03-09,針XY6組,VS2510042,CIC017C43Z4,COSTCO 2026 40罐EVA壓膜折疊冰袋,Z4/烏黑19-4104TPG,127120,針車,900
2026-03-09,針BH1組,VS2512025,CIW211C13B1,24罐無拉鏈冰袋,B1/海藍色19-4042TPG,10000,成型,1085
2026-03-09,針BH2組,VS2512001,CIW211C12B1,12罐無拉鏈冰袋,B1/海藍色19-4042TPG,40000,成型,138
2026-03-09,針BH2組,VS2510016,CIW215C11W0,16罐無拉鏈冰袋,W0/白色,30794,成型,635
2026-03-09,針BH3組,VS2512015,CIW015C10-2A0,"10-2""側開午餐袋(無插扣)",A0/黑色/灰色,21216,成型,805
2026-03-09,針BH4組,VS2512042,CIW029C8Z0,"8""方形午餐袋",Z0/水彩蝴蝶印花,20480,成型,1800
2026-03-09,針BH6組,VS2512001,CIW211C12B0,12罐無拉鏈冰袋,B0/霧藍色,16000,成型,600
2026-03-09,外協組,VS2511039,CIS022C02Z01,"SAM'S 26""大購物袋 2026 H1",Z01/米白+紅白間色肩帶,68633,,1400
2026-03-09,外協組,VS2509041,CIS022C01Z03,"SAM'S 26""大購物袋 2026 H1",Z03/墨綠+粉紅,65021,,1400
2026-03-09,外協組,VS2512022,SPG200K10A0,長方冰袋,黑色（BLACK),2016,,500
2026-03-10,外協組,VS2511039,CIS022C02Z01,"SAM'S 26""大購物袋 2026 H1",Z01/米白+紅白間色肩帶,68633,,1350
2026-03-10,外協組,VS2509041,CIS022C01Z03,"SAM'S 26""大購物袋 2026 H1",Z03/墨綠+粉紅,65021,,1400
2026-03-10,外協組,VS2512022,SPG200K10A0,長方冰袋,黑色（BLACK),2016,,600
2026-03-10,針一組,VS2512019,SPG200K151A0,高級午餐冰袋（LEEDS）,黑色 BLACK,12132,針車,1335
2026-03-10,針二組,VS2512021,SPG200K11T0,工具手提包,棕色 CARHARTT BROWN,4728,針車,650
2026-03-10,針三組,VS2510005,CIS073C17Z4,SAM'S 2026 9寸保鮮午餐桶 5721SU,粉色+桃紅,23778,針車,732
2026-03-10,針四組,VS2511042,VIC200B16A0,"16""單肩背包",BLACK黑色,1000,針車,100
2026-03-10,針五組,VS2511042,VIC170B15AA0,15寸背包,BLACK 黑色,1000,針車,133
2026-03-10,針六組,VS2511043,VIC340B15A0,15寸伸縮背包,黑色,500,針車,24
2026-03-10,針七組,VS2511040,VIC170-2B17A0,背包1（肩帶尾調節方式改同VIC150）,BLACK黑色,1000,針車,62
2026-03-10,針八組,VS2510005,CIS073C17Z2,SAM'S 2026 9寸保鮮午餐桶 5721SU,黑色+深灰,45558,針車,684
2026-03-10,針九組,VS2511024,CIS073C17Z2,SAM'S 2026 9寸保鮮午餐桶 5721SU,黑色+深灰,45185,針車,728
2026-03-10,針十组,1,配件,,,999999,針車,0
2026-03-10,針十一组,VS2510005,CIS073C17Z3,SAM'S 2026 9寸保鮮午餐桶 5721SU,藍色+藏藍,45558,針車,860
2026-03-10,針十二组,VS2511024,CIS073C17Z3,SAM'S 2026 9寸保鮮午餐桶 5721SU,藍色+藏藍,45185,針車,662
2026-03-10,打釘組A,1,配件,,,999999,後整,0
2026-03-10,針XY1組,VS2510021,CIC016C44Z3,"10""EVA壓膜午餐袋",Z3/黑色,24800,針車,1000
2026-03-10,針XY2組,VS2510042,CIC017C43Z4,COSTCO 2026 40罐EVA壓膜折疊冰袋,Z4/烏黑19-4104TPG,127120,針車,730
2026-03-10,針XY3組,VS2510042,CIC017C43Z4,COSTCO 2026 40罐EVA壓膜折疊冰袋,Z4/烏黑19-4104TPG,127120,針車,900
2026-03-10,針XY4組,VS2510042,CIC017C43Z5,COSTCO 2026 40罐EVA壓膜折疊冰袋,Z5/灰褐色17-1311TPG,83920,針車,900
2026-03-10,針XY5組,VS2510042,CIC017C43Z5,COSTCO 2026 40罐EVA壓膜折疊冰袋,Z5/灰褐色17-1311TPG,83920,針車,900
2026-03-10,針XY6組,VS2510042,CIC017C43Z4,COSTCO 2026 40罐EVA壓膜折疊冰袋,Z4/烏黑19-4104TPG,127120,針車,900
2026-03-10,針BH1組,VS2512025,CIW211C13B1,24罐無拉鏈冰袋,B1/海藍色19-4042TPG,10000,成型,1100
2026-03-10,針BH2組,VS2510016,CIW215C11W0,16罐無拉鏈冰袋,W0/白色,30794,成型,840
2026-03-10,針BH3組,VS2512015,CIW015C10-2A0,"10-2""側開午餐袋(無插扣)",A0/黑色/灰色,21216,成型,800
2026-03-10,針BH4組,VS2512042,CIW029C8Z0,"8""方形午餐袋",Z0/水彩蝴蝶印花,20480,成型,1850
2026-03-10,針BH6組,VS2512001,CIW211C12B0,12罐無拉鏈冰袋,B0/霧藍色,16000,成型,700
2026-03-11,外協組,VS2511039,CIS022C02Z01,"SAM'S 26""大購物袋 2026 H1",Z01/米白+紅白間色肩帶,68633,,1400
2026-03-11,外協組,VS2509041,CIS022C01Z09,"SAM'S 26""大購物袋 2026 H1",Z09/米白+藍色,65021,,1400
2026-03-11,外協組,VS2512022,SPG200K10A0,長方冰袋,黑色（BLACK),2016,,600
2026-03-11,針一組,VS2512019,SPG200K151A0,高級午餐冰袋（LEEDS）,黑色 BLACK,12132,針車,1335
2026-03-11,針二組,VS2512021,SPG200K11T0,工具手提包,棕色 CARHARTT BROWN,4728,針車,550
2026-03-11,針三組,VS2510005,CIS073C17Z4,SAM'S 2026 9寸保鮮午餐桶 5721SU,粉色+桃紅,23778,針車,619
2026-03-11,針四組,VS2511042,VIC200B16A0,"16""單肩背包",BLACK黑色,1000,針車,150
2026-03-11,針五組,VS2511042,VIC170B15AA0,15寸背包,BLACK 黑色,1000,針車,27
2026-03-11,針六組,VS2511043,VIC340B15A0,15寸伸縮背包,黑色,500,針車,92
2026-03-11,針七組,VS2511040,VIC170-2B17A0,背包1（肩帶尾調節方式改同VIC150）,BLACK黑色,1000,針車,77
2026-03-11,針八組,VS2510005,CIS073C17Z2,SAM'S 2026 9寸保鮮午餐桶 5721SU,黑色+深灰,45558,針車,573
2026-03-11,針九組,VS2511024,CIS073C17Z2,SAM'S 2026 9寸保鮮午餐桶 5721SU,黑色+深灰,45185,針車,802
2026-03-11,針十组,1,配件,,,999999,針車,0
2026-03-11,針十一组,VS2510005,CIS073C17Z3,SAM'S 2026 9寸保鮮午餐桶 5721SU,藍色+藏藍,45558,針車,852
2026-03-11,針十二组,VS2511024,CIS073C17Z3,SAM'S 2026 9寸保鮮午餐桶 5721SU,藍色+藏藍,45185,針車,750
2026-03-11,打釘組A,1,配件,,,999999,後整,0
2026-03-11,針XY1組,VS2511029,STA015B14.6N1,"14.6""雙肩背包",NAVY/海軍藍,500,針車,0
2026-03-11,針XY2組,VS2512016,CIC017C43Z5,COSTCO 2026 40罐EVA壓膜折疊冰袋,Z5/灰褐色17-1311TPG,1517,針車,795
2026-03-11,針XY3組,VS2512016,CIC017C43Z5,COSTCO 2026 40罐EVA壓膜折疊冰袋,Z5/灰褐色17-1311TPG,1517,針車,722
2026-03-11,針XY3組,VS2510042,CIC017C43Z4,COSTCO 2026 40罐EVA壓膜折疊冰袋,Z4/烏黑19-4104TPG,127120,針車,73
2026-03-11,針XY4組,VS2512032,CIC017C43Z5,COSTCO 2026 40罐EVA壓膜折疊冰袋,Z5/灰褐色17-1311TPG,1512,針車,795
2026-03-11,針XY5組,VS2512032,CIC017C43Z5,COSTCO 2026 40罐EVA壓膜折疊冰袋,Z5/灰褐色17-1311TPG,1512,針車,717
2026-03-11,針XY5組,VS2510042,CIC017C43Z5,COSTCO 2026 40罐EVA壓膜折疊冰袋,Z5/灰褐色17-1311TPG,83920,針車,78
2026-03-11,針XY6組,VS2510042,CIC017C43Z4,COSTCO 2026 40罐EVA壓膜折疊冰袋,Z4/烏黑19-4104TPG,127120,針車,795
2026-03-11,針BH1組,VS2512025,CIW211C13B1,24罐無拉鏈冰袋,B1/海藍色19-4042TPG,10000,成型,1000
2026-03-11,針BH2組,VS2510016,CIW215C11W0,16罐無拉鏈冰袋,W0/白色,30794,成型,700
2026-03-11,針BH3組,VS2512015,CIW015C10-2A0,"10-2""側開午餐袋(無插扣)",A0/黑色/灰色,21216,成型,533
2026-03-11,針BH4組,VS2512042,CIW029C8Z0,"8""方形午餐袋",Z0/水彩蝴蝶印花,20480,成型,1350
2026-03-11,針BH6組,VS2512001,CIW211C12B0,12罐無拉鏈冰袋,B0/霧藍色,16000,成型,540
2026-03-12,針一組,VS2512019,SPG200K151A0,高級午餐冰袋（LEEDS）,黑色 BLACK,12132,針車,1335
2026-03-12,針二組,VS2512021,SPG200K11T0,工具手提包,棕色 CARHARTT BROWN,4728,針車,290
2026-03-12,針三組,VS2510005,CIS073C17Z4,SAM'S 2026 9寸保鮮午餐桶 5721SU,粉色+桃紅,23778,針車,721
2026-03-12,針四組,VS2511042,VIC200B16A0,"16""單肩背包",BLACK黑色,1000,針車,200
2026-03-12,針五組,VS2511042,VIC170B15AA0,15寸背包,BLACK 黑色,1000,針車,19
2026-03-12,針六組,VS2511043,VIC340B15A0,15寸伸縮背包,黑色,500,針車,110
2026-03-12,針六組,VS2512017,SPG200K12A0,可收納旅行袋,黑色BLACK,2376,針車,51
2026-03-12,針七組,VS2511040,VIC170-2B17A0,背包1（肩帶尾調節方式改同VIC150）,BLACK黑色,1000,針車,100
2026-03-12,針八組,VS2510005,CIS073C17Z2,SAM'S 2026 9寸保鮮午餐桶 5721SU,黑色+深灰,45558,針車,365
2026-03-12,針九組,VS2511024,CIS073C17Z2,SAM'S 2026 9寸保鮮午餐桶 5721SU,黑色+深灰,45185,針車,850
2026-03-12,針十组,1,配件,,,999999,針車,0
2026-03-12,針十一组,VS2510005,CIS073C17Z3,SAM'S 2026 9寸保鮮午餐桶 5721SU,藍色+藏藍,45558,針車,579
2026-03-12,針十二组,VS2511024,CIS073C17Z3,SAM'S 2026 9寸保鮮午餐桶 5721SU,藍色+藏藍,45185,針車,850
2026-03-12,打釘組A,1,配件,,,999999,後整,0
2026-03-12,針XY1組,VS2511029,STA015B14.6N1,"14.6""雙肩背包",NAVY/海軍藍,500,針車,0
2026-03-12,針XY2組,VS2510042,CIC017C43Z4,COSTCO 2026 40罐EVA壓膜折疊冰袋,Z4/烏黑19-4104TPG,127120,針車,720
2026-03-12,針XY3組,VS2510042,CIC017C43Z4,COSTCO 2026 40罐EVA壓膜折疊冰袋,Z4/烏黑19-4104TPG,127120,針車,900
2026-03-12,針XY4組,VS2510042,CIC017C43Z5,COSTCO 2026 40罐EVA壓膜折疊冰袋,Z5/灰褐色17-1311TPG,83920,針車,900
2026-03-12,針XY5組,VS2510042,CIC017C43Z5,COSTCO 2026 40罐EVA壓膜折疊冰袋,Z5/灰褐色17-1311TPG,83920,針車,900
2026-03-12,針XY6組,VS2510042,CIC017C43Z4,COSTCO 2026 40罐EVA壓膜折疊冰袋,Z4/烏黑19-4104TPG,127120,針車,900
2026-03-12,針BH1組,VS2511027,CIW211C13B1,24罐無拉鏈冰袋,B1/海藍色19-4042TPG,30000,成型,164
2026-03-12,針BH1組,VS2512025,CIW211C13B1,24罐無拉鏈冰袋,B1/海藍色19-4042TPG,10000,成型,1036
2026-03-12,針BH2組,VS2510016,CIW215C11W0,16罐無拉鏈冰袋,W0/白色,30794,成型,900
2026-03-12,針BH3組,VS2512015,CIW015C10-2A0,"10-2""側開午餐袋(無插扣)",A0/黑色/灰色,21216,成型,1049
2026-03-12,針BH4組,VS2512042,CIW029C8Z0,"8""方形午餐袋",Z0/水彩蝴蝶印花,20480,成型,1850
2026-03-12,針BH6組,VS2512001,CIW211C12B0,12罐無拉鏈冰袋,B0/霧藍色,16000,成型,900
2026-03-12,外協組,VS2511039,CIS022C02Z01,"SAM'S 26""大購物袋 2026 H1",Z01/米白+紅白間色肩帶,68633,,1400
2026-03-12,外協組,VS2509041,CIS022C01Z09,"SAM'S 26""大購物袋 2026 H1",Z09/米白+藍色,65021,,1400
2026-03-12,外協組,VS2512022,SPG200K10A0,長方冰袋,黑色（BLACK),2016,,250
2026-03-13,外協組,VS2511039,CIS022C02Z01,"SAM'S 26""大購物袋 2026 H1",Z01/米白+紅白間色肩帶,68633,,1400
2026-03-13,外協組,VS2509041,CIS022C01Z09,"SAM'S 26""大購物袋 2026 H1",Z09/米白+藍色,65021,,1300
2026-03-13,針一組,VS2512019,SPG200K151A0,高級午餐冰袋（LEEDS）,黑色 BLACK,12132,針車,1335
2026-03-13,針二組,VS2512021,SPG200K11T0,工具手提包,棕色 CARHARTT BROWN,4728,針車,300
2026-03-13,針三組,VS2510005,CIS073C17Z4,SAM'S 2026 9寸保鮮午餐桶 5721SU,粉色+桃紅,23778,針車,840
2026-03-13,針四組,VS2511042,VIC200B16A0,"16""單肩背包",BLACK黑色,1000,針車,220
2026-03-13,針五組,VS2511043,VIC340B18A0,18寸商務背包,黑色,500,針車,10
2026-03-13,針六組,VS2511043,VIC340B15A0,15寸伸縮背包,黑色,500,針車,120
2026-03-13,針七組,VS2511040,VIC170-2B17A0,背包1（肩帶尾調節方式改同VIC150）,BLACK黑色,1000,針車,104
2026-03-13,針八組,VS2510005,CIS073C17Z2,SAM'S 2026 9寸保鮮午餐桶 5721SU,黑色+深灰,45558,針車,730
2026-03-13,針九組,VS2511024,CIS073C17Z2,SAM'S 2026 9寸保鮮午餐桶 5721SU,黑色+深灰,45185,針車,850
2026-03-13,針十组,1,配件,,,999999,針車,0
2026-03-13,針十一组,VS2510005,CIS073C17Z3,SAM'S 2026 9寸保鮮午餐桶 5721SU,藍色+藏藍,45558,針車,589
2026-03-13,針十二组,VS2511024,CIS073C17Z3,SAM'S 2026 9寸保鮮午餐桶 5721SU,藍色+藏藍,45185,針車,712
2026-03-13,打釘組A,1,配件,,,999999,後整,0
2026-03-13,針XY1組,VS2511029,STA015B14.6N1,"14.6""雙肩背包",NAVY/海軍藍,500,針車,30
2026-03-13,針XY2組,VS2510042,CIC017C43Z4,COSTCO 2026 40罐EVA壓膜折疊冰袋,Z4/烏黑19-4104TPG,127120,針車,670
2026-03-13,針XY3組,VS2510042,CIC017C43Z4,COSTCO 2026 40罐EVA壓膜折疊冰袋,Z4/烏黑19-4104TPG,127120,針車,900
2026-03-13,針XY4組,VS2510042,CIC017C43Z5,COSTCO 2026 40罐EVA壓膜折疊冰袋,Z5/灰褐色17-1311TPG,83920,針車,900
2026-03-13,針XY5組,VS2510042,CIC017C43Z5,COSTCO 2026 40罐EVA壓膜折疊冰袋,Z5/灰褐色17-1311TPG,83920,針車,900
2026-03-13,針XY6組,VS2510042,CIC017C43Z4,COSTCO 2026 40罐EVA壓膜折疊冰袋,Z4/烏黑19-4104TPG,127120,針車,900
2026-03-13,針BH1組,VS2511027,CIW211C13B1,24罐無拉鏈冰袋,B1/海藍色19-4042TPG,30000,成型,46
2026-03-13,針BH1組,VS2512025,CIW211C13B1,24罐無拉鏈冰袋,B1/海藍色19-4042TPG,10000,成型,254
2026-03-13,針BH1組,VS2601024,CIW211C13B1,24罐無拉鏈冰袋,B1/海藍色19-4042TPG,20000,成型,880
2026-03-13,針BH2組,VS2510016,CIW215C11W0,16罐無拉鏈冰袋,W0/白色,30794,成型,900
2026-03-13,針BH3組,VS2512015,CIW015C10-2A0,"10-2""側開午餐袋(無插扣)",A0/黑色/灰色,21216,成型,1345
2026-03-13,針BH4組,VS2601009,CIW034C8Z8,"8""方形午餐袋",Z8/四維立體印花,12064,成型,1420
2026-03-13,針BH4組,VS2512042,CIW029C8Z0,"8""方形午餐袋",Z0/水彩蝴蝶印花,20480,成型,487
2026-03-13,針BH6組,VS2512001,CIW211C12B0,12罐無拉鏈冰袋,B0/霧藍色,16000,成型,950
2026-03-14,外協組,VS2511039,CIS022C02Z01,"SAM'S 26""大購物袋 2026 H1",Z01/米白+紅白間色肩帶,68633,,1400
2026-03-14,外協組,VS2512022,SPG200K10A0,長方冰袋,黑色（BLACK),2016,,66
2026-03-14,外協組,VS2509041,CIS022C01Z09,"SAM'S 26""大購物袋 2026 H1",Z09/米白+藍色,65021,,1300
2026-03-14,針一組,VS2512019,SPG200K151A0,高級午餐冰袋（LEEDS）,黑色 BLACK,12132,針車,1335
2026-03-14,針二組,VS2512021,SPG200K11T0,工具手提包,棕色 CARHARTT BROWN,4728,針車,424
2026-03-14,針三組,VS2510005,CIS073C17Z4,SAM'S 2026 9寸保鮮午餐桶 5721SU,粉色+桃紅,23778,針車,859
2026-03-14,針四組,VS2511042,VIC200B16A0,"16""單肩背包",BLACK黑色,1000,針車,200
2026-03-14,針五組,VS2511043,VIC340B18A0,18寸商務背包,黑色,500,針車,38
2026-03-14,針六組,VS2511043,VIC340B15A0,15寸伸縮背包,黑色,500,針車,120
2026-03-14,針七組,VS2511040,VIC170-2B17A0,背包1（肩帶尾調節方式改同VIC150）,BLACK黑色,1000,針車,110
2026-03-14,針八組,VS2510005,CIS073C17Z2,SAM'S 2026 9寸保鮮午餐桶 5721SU,黑色+深灰,45558,針車,605
2026-03-14,針九組,VS2511024,CIS073C17Z2,SAM'S 2026 9寸保鮮午餐桶 5721SU,黑色+深灰,45185,針車,770
2026-03-14,針十组,1,配件,,,999999,針車,0
2026-03-14,針十一组,VS2510005,CIS073C17Z3,SAM'S 2026 9寸保鮮午餐桶 5721SU,藍色+藏藍,45558,針車,850
2026-03-14,針十二组,VS2511024,CIS073C17Z3,SAM'S 2026 9寸保鮮午餐桶 5721SU,藍色+藏藍,45185,針車,681
2026-03-14,打釘組A,1,配件,,,999999,後整,0
2026-03-14,針XY1組,VS2511029,STA015B14.6N1,"14.6""雙肩背包",NAVY/海軍藍,500,針車,100
2026-03-14,針XY2組,VS2510042,CIC017C43Z4,COSTCO 2026 40罐EVA壓膜折疊冰袋,Z4/烏黑19-4104TPG,127120,針車,715
2026-03-14,針XY3組,VS2510042,CIC017C43Z4,COSTCO 2026 40罐EVA壓膜折疊冰袋,Z4/烏黑19-4104TPG,127120,針車,820
2026-03-14,針XY4組,VS2510042,CIC017C43Z5,COSTCO 2026 40罐EVA壓膜折疊冰袋,Z5/灰褐色17-1311TPG,83920,針車,820
2026-03-14,針XY5組,VS2510042,CIC017C43Z5,COSTCO 2026 40罐EVA壓膜折疊冰袋,Z5/灰褐色17-1311TPG,83920,針車,820
2026-03-14,針XY6組,VS2510042,CIC017C43Z4,COSTCO 2026 40罐EVA壓膜折疊冰袋,Z4/烏黑19-4104TPG,127120,針車,820
2026-03-14,針BH1組,VS2601024,CIW211C13B1,24罐無拉鏈冰袋,B1/海藍色19-4042TPG,20000,成型,1200
2026-03-14,針BH2組,VS2510016,CIW215C11W0,16罐無拉鏈冰袋,W0/白色,30794,成型,900
2026-03-14,針BH3組,VS2512015,CIW015C10-2A0,"10-2""側開午餐袋(無插扣)",A0/黑色/灰色,21216,成型,1000
2026-03-14,針BH4組,VS2601009,CIW034C8Z8,"8""方形午餐袋",Z8/四維立體印花,12064,成型,1855
2026-03-14,針BH6組,VS2512001,CIW211C12B0,12罐無拉鏈冰袋,B0/霧藍色,16000,成型,900
2026-03-15,針BH3組,VS2512015,CIW015C10-2A0,"10-2""側開午餐袋(無插扣)",A0/黑色/灰色,21216,成型,700
2026-03-16,外協組,VS2511039,CIS022C02Z01,"SAM'S 26""大購物袋 2026 H1",Z01/米白+紅白間色肩帶,68633,,1400
2026-03-16,外協組,VS2509041,CIS022C01Z09,"SAM'S 26""大購物袋 2026 H1",Z09/米白+藍色,65021,,1400
2026-03-16,針一組,VS2512019,SPG200K151A0,高級午餐冰袋（LEEDS）,黑色 BLACK,12132,針車,841
2026-03-16,針一組,VS2512019,SPG200K151T0,高級午餐冰袋（LEEDS）, 棕色(CARHARTT BROWN),13284,針車,494
2026-03-16,針二組,VS2512021,SPG200K11T0,工具手提包,棕色 CARHARTT BROWN,4728,針車,510
2026-03-16,針三組,VS2510005,CIS073C17Z4,SAM'S 2026 9寸保鮮午餐桶 5721SU,粉色+桃紅,23778,針車,852
2026-03-16,針四組,VS2511042,VIC200B16A0,"16""單肩背包",BLACK黑色,1000,針車,62
2026-03-16,針五組,VS2511043,VIC340B18A0,18寸商務背包,黑色,500,針車,53
2026-03-16,針六組,VS2511043,VIC340B15A0,15寸伸縮背包,黑色,500,針車,34
2026-03-16,針六組,VS2512018,SPG200K13A0,SANMAR工具袋,SANMAR工具袋 黑色(BLACK),2035,針車,65
2026-03-16,針七組,VS2511040,VIC170-2B17A0,背包1（肩帶尾調節方式改同VIC150）,BLACK黑色,1000,針車,117
2026-03-16,針八組,VS2510005,CIS073C17Z2,SAM'S 2026 9寸保鮮午餐桶 5721SU,黑色+深灰,45558,針車,750
2026-03-16,針九組,VS2511024,CIS073C17Z2,SAM'S 2026 9寸保鮮午餐桶 5721SU,黑色+深灰,45185,針車,752
2026-03-16,針十组,1,配件,,,999999,針車,0
2026-03-16,針十一组,VS2510005,CIS073C17Z3,SAM'S 2026 9寸保鮮午餐桶 5721SU,藍色+藏藍,45558,針車,732
2026-03-16,針十二组,VS2511024,CIS073C17Z3,SAM'S 2026 9寸保鮮午餐桶 5721SU,藍色+藏藍,45185,針車,801
2026-03-16,打釘組A,1,配件,,,999999,後整,0
2026-03-16,針XY1組,VS2511029,STA015B14.6N1,"14.6""雙肩背包",NAVY/海軍藍,500,針車,170
2026-03-16,針XY2組,VS2510042,CIC017C43Z4,COSTCO 2026 40罐EVA壓膜折疊冰袋,Z4/烏黑19-4104TPG,127120,針車,817
2026-03-16,針XY3組,VS2510042,CIC017C43Z4,COSTCO 2026 40罐EVA壓膜折疊冰袋,Z4/烏黑19-4104TPG,127120,針車,900
2026-03-16,針XY4組,VS2510042,CIC017C43Z5,COSTCO 2026 40罐EVA壓膜折疊冰袋,Z5/灰褐色17-1311TPG,83920,針車,900
2026-03-16,針XY5組,VS2510042,CIC017C43Z5,COSTCO 2026 40罐EVA壓膜折疊冰袋,Z5/灰褐色17-1311TPG,83920,針車,900
2026-03-16,針XY6組,VS2510042,CIC017C43Z4,COSTCO 2026 40罐EVA壓膜折疊冰袋,Z4/烏黑19-4104TPG,127120,針車,900
2026-03-16,針BH1組,VS2601024,CIW211C13B1,24罐無拉鏈冰袋,B1/海藍色19-4042TPG,20000,成型,1170
2026-03-16,針BH2組,VS2510016,CIW215C11W0,16罐無拉鏈冰袋,W0/白色,30794,成型,920
2026-03-16,針BH3組,VS2512015,CIW015C10-2A0,"10-2""側開午餐袋(無插扣)",A0/黑色/灰色,21216,成型,160
2026-03-16,針BH3組,VS2512045,CIW028C10A0,"10""側開午餐袋（無插扣）",A0/黑色,20799,成型,1025
2026-03-16,針BH4組,VS2601009,CIW034C8Z8,"8""方形午餐袋",Z8/四維立體印花,12064,成型,405
2026-03-16,針BH4組,VS2601010,CIW034C8Z4,"8""方形午餐袋",Z4/星夜群星圖案印花,30456,成型,1520
2026-03-16,針BH6組,VS2512001,CIW211C12B0,12罐無拉鏈冰袋,B0/霧藍色,16000,成型,900
2026-03-17,針一組,VS2512019,SPG200K151N0,高級午餐冰袋（LEEDS）,深藍色NAVY,2016,針車,1335
2026-03-17,針二組,VS2512021,SPG200K11T0,工具手提包,棕色 CARHARTT BROWN,4728,針車,560
2026-03-17,針三組,VS2510005,CIS073C17Z4,SAM'S 2026 9寸保鮮午餐桶 5721SU,粉色+桃紅,23778,針車,851
2026-03-17,針四組,VS2511042,VIC200B16A0,"16""單肩背包",BLACK黑色,1000,針車,6
2026-03-17,針五組,VS2511043,VIC340B18A0,18寸商務背包,黑色,500,針車,47
2026-03-17,針五組,VS2511042,VIC170B15AA0,15寸背包,BLACK 黑色,1000,針車,20
2026-03-17,針六組,VS2512018,SPG200K13A0,SANMAR工具袋,SANMAR工具袋 黑色(BLACK),2035,針車,440
2026-03-17,針七組,VS2511040,VIC170-2B17A0,背包1（肩帶尾調節方式改同VIC150）,BLACK黑色,1000,針車,89
2026-03-17,針八組,VS2510005,CIS073C17Z2,SAM'S 2026 9寸保鮮午餐桶 5721SU,黑色+深灰,45558,針車,850
2026-03-17,針九組,VS2511024,CIS073C17Z2,SAM'S 2026 9寸保鮮午餐桶 5721SU,黑色+深灰,45185,針車,850
2026-03-17,針十组,1,配件,,,999999,針車,0
2026-03-17,針十一组,VS2510005,CIS073C17Z3,SAM'S 2026 9寸保鮮午餐桶 5721SU,藍色+藏藍,45558,針車,850
2026-03-17,針十二组,VS2511024,CIS073C17Z3,SAM'S 2026 9寸保鮮午餐桶 5721SU,藍色+藏藍,45185,針車,850
2026-03-17,打釘組A,1,配件,,,999999,後整,0
2026-03-17,針XY1組,VS2511029,STA015B14.6N1,"14.6""雙肩背包",NAVY/海軍藍,500,針車,150
2026-03-17,針XY2組,VS2510042,CIC017C43Z4,COSTCO 2026 40罐EVA壓膜折疊冰袋,Z4/烏黑19-4104TPG,127120,針車,855
2026-03-17,針XY3組,VS2510042,CIC017C43Z4,COSTCO 2026 40罐EVA壓膜折疊冰袋,Z4/烏黑19-4104TPG,127120,針車,900
2026-03-17,針XY4組,VS2510042,CIC017C43Z5,COSTCO 2026 40罐EVA壓膜折疊冰袋,Z5/灰褐色17-1311TPG,83920,針車,900
2026-03-17,針XY5組,VS2510042,CIC017C43Z5,COSTCO 2026 40罐EVA壓膜折疊冰袋,Z5/灰褐色17-1311TPG,83920,針車,900
2026-03-17,針XY6組,VS2510042,CIC017C43Z4,COSTCO 2026 40罐EVA壓膜折疊冰袋,Z4/烏黑19-4104TPG,127120,針車,900
2026-03-17,針BH1組,VS2601024,CIW211C13B1,24罐無拉鏈冰袋,B1/海藍色19-4042TPG,20000,成型,1170
2026-03-17,針BH2組,VS2510016,CIW215C11W0,16罐無拉鏈冰袋,W0/白色,30794,成型,800
2026-03-17,針BH3組,VS2512015,CIW015C10-2A0,"10-2""側開午餐袋(無插扣)",A0/黑色/灰色,21216,成型,720
2026-03-17,針BH3組,VS2512045,CIW028C10A0,"10""側開午餐袋（無插扣）",A0/黑色,20799,成型,503
2026-03-17,針BH4組,VS2601009,CIW034C8Z8,"8""方形午餐袋",Z8/四維立體印花,12064,成型,750
2026-03-17,針BH4組,VS2601010,CIW034C8Z4,"8""方形午餐袋",Z4/星夜群星圖案印花,30456,成型,723
2026-03-17,針BH6組,VS2512001,CIW211C12B0,12罐無拉鏈冰袋,B0/霧藍色,16000,成型,750
2026-03-17,外協組,VS2511039,CIS022C01Z03,"SAM'S 26""大購物袋 2026 H1",Z03/墨綠+粉紅,65021,,1300
2026-03-17,外協組,VS2511039,CIS022C02Z01,"SAM'S 26""大購物袋 2026 H1",Z01/米白+紅白間色肩帶,68633,,1400
2026-03-18,外協組,VS2511039,CIS022C02Z01,"SAM'S 26""大購物袋 2026 H1",Z01/米白+紅白間色肩帶,68633,,1400
2026-03-18,外協組,VS2511039,CIS022C01Z03,"SAM'S 26""大購物袋 2026 H1",Z03/墨綠+粉紅,65021,,1400
2026-03-18,外協組,VS2511029,STA015D10.8N1,"10.8""午餐袋",NAVY/海軍藍,1000,,100
2026-03-18,針一組,VS2512019,SPG200K151N0,高級午餐冰袋（LEEDS）,深藍色NAVY,2016,針車,681
2026-03-18,針一組,VS2512019,SPG200K151A0,高級午餐冰袋（LEEDS）,黑色 BLACK,12132,針車,363
2026-03-18,針二組,VS2512021,SPG200K11T0,工具手提包,棕色 CARHARTT BROWN,4728,針車,40
2026-03-18,針二組,VS2512033,SPG210K162A0,16寸工具袋C0（常規）,黑色BLACK,837,針車,50
2026-03-18,針三組,VS2510005,CIS073C17Z4,SAM'S 2026 9寸保鮮午餐桶 5721SU,粉色+桃紅,23778,針車,850
2026-03-18,針四組,VS2511041,VIC261D19A0,19寸登機旅行袋全球版,黑色,500,針車,50
2026-03-18,針五組,VS2511043,VIC340B18A0,18寸商務背包,黑色,500,針車,52
2026-03-18,針五組,VS2511042,VIC170B15AA0,15寸背包,BLACK 黑色,1000,針車,6
2026-03-18,針六組,VS2512018,SPG200K13A0,SANMAR工具袋,SANMAR工具袋 黑色(BLACK),2035,針車,720
2026-03-18,針七組,VS2511040,VIC170-2B17A0,背包1（肩帶尾調節方式改同VIC150）,BLACK黑色,1000,針車,50
2026-03-18,針八組,VS2510005,CIS073C17Z2,SAM'S 2026 9寸保鮮午餐桶 5721SU,黑色+深灰,45558,針車,750
2026-03-18,針九組,VS2511024,CIS073C17Z2,SAM'S 2026 9寸保鮮午餐桶 5721SU,黑色+深灰,45185,針車,850
2026-03-18,針十组,1,配件,,,999999,針車,0
2026-03-18,針十一组,VS2510005,CIS073C17Z3,SAM'S 2026 9寸保鮮午餐桶 5721SU,藍色+藏藍,45558,針車,850
2026-03-18,針十二组,VS2511024,CIS073C17Z3,SAM'S 2026 9寸保鮮午餐桶 5721SU,藍色+藏藍,45185,針車,850
2026-03-18,打釘組A,1,配件,,,999999,後整,0
2026-03-18,針XY1組,VS2511029,STA015B14.6N1,"14.6""雙肩背包",NAVY/海軍藍,500,針車,50
2026-03-18,針XY1組,VS2511029,STA015B14.6B1,"14.6""雙肩背包",BLUE/藍色,500,針車,113
2026-03-18,針XY2組,VS2510042,CIC017C43Z4,COSTCO 2026 40罐EVA壓膜折疊冰袋,Z4/烏黑19-4104TPG,127120,針車,855
2026-03-18,針XY3組,VS2510042,CIC017C43Z4,COSTCO 2026 40罐EVA壓膜折疊冰袋,Z4/烏黑19-4104TPG,127120,針車,900
2026-03-18,針XY4組,VS2510042,CIC017C43Z5,COSTCO 2026 40罐EVA壓膜折疊冰袋,Z5/灰褐色17-1311TPG,83920,針車,900
2026-03-18,針XY5組,VS2510042,CIC017C43Z5,COSTCO 2026 40罐EVA壓膜折疊冰袋,Z5/灰褐色17-1311TPG,83920,針車,900
2026-03-18,針XY6組,VS2510042,CIC017C43Z4,COSTCO 2026 40罐EVA壓膜折疊冰袋,Z4/烏黑19-4104TPG,127120,針車,900
2026-03-18,針BH1組,VS2601024,CIW211C13B1,24罐無拉鏈冰袋,B1/海藍色19-4042TPG,20000,成型,1170
2026-03-18,針BH2組,VS2510016,CIW215C11W0,16罐無拉鏈冰袋,W0/白色,30794,成型,950
2026-03-18,針BH3組,VS2512015,CIW015C10-2A0,"10-2""側開午餐袋(無插扣)",A0/黑色/灰色,21216,成型,1260
2026-03-18,針BH3組,VS2512045,CIW028C10A0,"10""側開午餐袋（無插扣）",A0/黑色,20799,成型,22
2026-03-18,針BH4組,VS2601009,CIW034C8Z8,"8""方形午餐袋",Z8/四維立體印花,12064,成型,1800
2026-03-18,針BH6組,VS2512001,CIW211C12B0,12罐無拉鏈冰袋,B0/霧藍色,16000,成型,900
2026-03-19,針一組,VS2512019,SPG200K151A0,高級午餐冰袋（LEEDS）,黑色 BLACK,12132,針車,248
2026-03-19,針一組,VS2512006,SPG210K9AT0,高級午餐袋,棕色CARHARTT BROWN,6970,針車,240
2026-03-19,針二組,VS2512033,SPG210K162A0,16寸工具袋C0（常規）,黑色BLACK,837,針車,351
2026-03-19,針三組,VS2510005,CIS073C17Z4,SAM'S 2026 9寸保鮮午餐桶 5721SU,粉色+桃紅,23778,針車,851
2026-03-19,針四組,VS2511041,VIC261D19A0,19寸登機旅行袋全球版,黑色,500,針車,90
2026-03-19,針五組,VS2511043,VIC340B18A0,18寸商務背包,黑色,500,針車,59
2026-03-19,針五組,VS2511042,VIC170B15AA0,15寸背包,BLACK 黑色,1000,針車,4
2026-03-19,針六組,VS2512018,SPG200K13A0,SANMAR工具袋,SANMAR工具袋 黑色(BLACK),2035,針車,550
2026-03-19,針七組,VS2512020,SPG200K16A0,冰袋背包(sanmar), 黑色 BLACK,2340,針車,300
2026-03-19,針八組,VS2510005,CIS073C17Z2,SAM'S 2026 9寸保鮮午餐桶 5721SU,黑色+深灰,45558,針車,670
2026-03-19,針九組,VS2511024,CIS073C17Z2,SAM'S 2026 9寸保鮮午餐桶 5721SU,黑色+深灰,45185,針車,750
2026-03-19,針十组,1,配件,,,999999,針車,0
2026-03-19,針十一组,VS2510005,CIS073C17Z3,SAM'S 2026 9寸保鮮午餐桶 5721SU,藍色+藏藍,45558,針車,850
2026-03-19,針十二组,VS2511024,CIS073C17Z3,SAM'S 2026 9寸保鮮午餐桶 5721SU,藍色+藏藍,45185,針車,850
2026-03-19,打釘組A,1,配件,,,999999,後整,0
2026-03-19,針XY1組,VS2511029,STA015B14.6B1,"14.6""雙肩背包",BLUE/藍色,500,針車,202
2026-03-19,針XY2組,VS2510042,CIC017C43Z4,COSTCO 2026 40罐EVA壓膜折疊冰袋,Z4/烏黑19-4104TPG,127120,針車,818
2026-03-19,針XY3組,VS2510042,CIC017C43Z4,COSTCO 2026 40罐EVA壓膜折疊冰袋,Z4/烏黑19-4104TPG,127120,針車,900
2026-03-19,針XY4組,VS2510042,CIC017C43Z5,COSTCO 2026 40罐EVA壓膜折疊冰袋,Z5/灰褐色17-1311TPG,83920,針車,900
2026-03-19,針XY5組,VS2510042,CIC017C43Z5,COSTCO 2026 40罐EVA壓膜折疊冰袋,Z5/灰褐色17-1311TPG,83920,針車,900
2026-03-19,針XY6組,VS2510042,CIC017C43Z4,COSTCO 2026 40罐EVA壓膜折疊冰袋,Z4/烏黑19-4104TPG,127120,針車,900
2026-03-19,針BH1組,VS2601024,CIW211C13B1,24罐無拉鏈冰袋,B1/海藍色19-4042TPG,20000,成型,1170
2026-03-19,針BH2組,VS2510016,CIW215C11W0,16罐無拉鏈冰袋,W0/白色,30794,成型,900
2026-03-19,針BH3組,VS2512015,CIW015C10-2A0,"10-2""側開午餐袋(無插扣)",A0/黑色/灰色,21216,成型,1400
2026-03-19,針BH4組,VS2601009,CIW034C8Z8,"8""方形午餐袋",Z8/四維立體印花,12064,成型,1850
2026-03-19,針BH6組,VS2512001,CIW211C12B1,12罐無拉鏈冰袋,B1/海藍色19-4042TPG,40000,成型,900
2026-03-19,外協組,VS2511039,CIS022C02Z01,"SAM'S 26""大購物袋 2026 H1",Z01/米白+紅白間色肩帶,68633,,1400
2026-03-19,外協組,VS2511039,CIS022C01Z03,"SAM'S 26""大購物袋 2026 H1",Z03/墨綠+粉紅,65021,,1400
2026-03-19,外協組,VS2512007,SPG240K08A0,豎開手提午餐袋,BLACK黑色,506,,20
2026-03-19,外協組,VS2511029,STA015D10.8N1,"10.8""午餐袋",NAVY/海軍藍,1000,,300
2026-03-20,外協組,VS2511039,CIS022C01Z05,"SAM'S 26""大購物袋 2026 H1",Z05/紅色+淡橙色,54185,,1400
2026-03-20,外協組,VS2511039,CIS022C01Z09,"SAM'S 26""大購物袋 2026 H1",Z09/米白+藍色,65021,,1300
2026-03-20,外協組,VS2511029,STA015D10.8N1,"10.8""午餐袋",NAVY/海軍藍,1000,,300
2026-03-20,針一組,VS2512006,SPG210K9AT0,高級午餐袋,棕色CARHARTT BROWN,6970,針車,705
2026-03-20,針二組,VS2512033,SPG210K162A0,16寸工具袋C0（常規）,黑色BLACK,837,針車,400
2026-03-20,針二組,VS2512034,SPG210K162T0,16寸工具袋C0（常規）,棕色CARHARTT BROWN,1125,針車,50
2026-03-20,針三組,VS2510005,CIS073C17Z4,SAM'S 2026 9寸保鮮午餐桶 5721SU,粉色+桃紅,23778,針車,850
2026-03-20,針四組,VS2511041,VIC261D19A0,19寸登機旅行袋全球版,黑色,500,針車,100
2026-03-20,針五組,VS2511043,VIC340B18A0,18寸商務背包,黑色,500,針車,62
2026-03-20,針六組,VS2512018,SPG200K13A0,SANMAR工具袋,SANMAR工具袋 黑色(BLACK),2035,針車,217
2026-03-20,針七組,VS2512020,SPG200K16A0,冰袋背包(sanmar), 黑色 BLACK,2340,針車,350
2026-03-20,針八組,VS2510005,CIS073C17Z2,SAM'S 2026 9寸保鮮午餐桶 5721SU,黑色+深灰,45558,針車,712
2026-03-20,針九組,VS2511024,CIS073C17Z2,SAM'S 2026 9寸保鮮午餐桶 5721SU,黑色+深灰,45185,針車,900
2026-03-20,針十组,1,配件,,,999999,針車,0
2026-03-20,針十一组,VS2510005,CIS073C17Z3,SAM'S 2026 9寸保鮮午餐桶 5721SU,藍色+藏藍,45558,針車,853
2026-03-20,針十二组,VS2511024,CIS073C17Z3,SAM'S 2026 9寸保鮮午餐桶 5721SU,藍色+藏藍,45185,針車,850
2026-03-20,打釘組A,1,配件,,,999999,後整,0
2026-03-20,針XY1組,VS2511029,STA015B14.6B1,"14.6""雙肩背包",BLUE/藍色,500,針車,180
2026-03-20,針XY2組,VS2510042,CIC017C43Z4,COSTCO 2026 40罐EVA壓膜折疊冰袋,Z4/烏黑19-4104TPG,127120,針車,855
2026-03-20,針XY3組,VS2510042,CIC017C43Z4,COSTCO 2026 40罐EVA壓膜折疊冰袋,Z4/烏黑19-4104TPG,127120,針車,900
2026-03-20,針XY4組,VS2510042,CIC017C43Z5,COSTCO 2026 40罐EVA壓膜折疊冰袋,Z5/灰褐色17-1311TPG,83920,針車,900
2026-03-20,針XY5組,VS2510042,CIC017C43Z5,COSTCO 2026 40罐EVA壓膜折疊冰袋,Z5/灰褐色17-1311TPG,83920,針車,900
2026-03-20,針XY6組,VS2510042,CIC017C43Z4,COSTCO 2026 40罐EVA壓膜折疊冰袋,Z4/烏黑19-4104TPG,127120,針車,900
2026-03-20,針BH1組,VS2601024,CIW211C13B1,24罐無拉鏈冰袋,B1/海藍色19-4042TPG,20000,成型,1170
2026-03-20,針BH2組,VS2510016,CIW215C11W0,16罐無拉鏈冰袋,W0/白色,30794,成型,920
2026-03-20,針BH3組,VS2512015,CIW015C10-2A0,"10-2""側開午餐袋(無插扣)",A0/黑色/灰色,21216,成型,1400
2026-03-20,針BH4組,VS2601009,CIW034C8Z8,"8""方形午餐袋",Z8/四維立體印花,12064,成型,1900
2026-03-20,針BH6組,VS2512001,CIW211C12B1,12罐無拉鏈冰袋,B1/海藍色19-4042TPG,40000,成型,815
2026-03-21,針一組,VS2512006,SPG210K9AT0,高級午餐袋,棕色CARHARTT BROWN,6970,針車,780
2026-03-21,針二組,VS2512034,SPG210K162T0,16寸工具袋C0（常規）,棕色CARHARTT BROWN,1125,針車,500
2026-03-21,針三組,VS2510005,CIS073C17Z4,SAM'S 2026 9寸保鮮午餐桶 5721SU,粉色+桃紅,23778,針車,850
2026-03-21,針四組,VS2511041,VIC261D19A0,19寸登機旅行袋全球版,黑色,500,針車,100
2026-03-21,針五組,VS2511043,VIC340B18A0,18寸商務背包,黑色,500,針車,39
2026-03-21,針六組,VS2511029,STA015B13.5Z1,"13.5""雙肩背包-直升機",直升機,500,針車,10
2026-03-21,針七組,VS2512020,SPG200K16A0,冰袋背包(sanmar), 黑色 BLACK,2340,針車,454
2026-03-21,針八組,VS2510005,CIS073C17Z2,SAM'S 2026 9寸保鮮午餐桶 5721SU,黑色+深灰,45558,針車,760
2026-03-21,針九組,VS2511024,CIS073C17Z2,SAM'S 2026 9寸保鮮午餐桶 5721SU,黑色+深灰,45185,針車,850
2026-03-21,針十组,1,配件,,,999999,針車,0
2026-03-21,針十一组,VS2510005,CIS073C17Z3,SAM'S 2026 9寸保鮮午餐桶 5721SU,藍色+藏藍,45558,針車,850
2026-03-21,針十二组,VS2511024,CIS073C17Z3,SAM'S 2026 9寸保鮮午餐桶 5721SU,藍色+藏藍,45185,針車,850
2026-03-21,打釘組A,1,配件,,,999999,後整,0
2026-03-21,針XY1組,VS2511029,STA015B14.6R1,"14.6""雙肩背包",RED/紅色,500,針車,250
2026-03-21,針XY2組,VS2510042,CIC017C43Z4,COSTCO 2026 40罐EVA壓膜折疊冰袋,Z4/烏黑19-4104TPG,127120,針車,500
2026-03-21,針XY3組,VS2510042,CIC017C43Z4,COSTCO 2026 40罐EVA壓膜折疊冰袋,Z4/烏黑19-4104TPG,127120,針車,900
2026-03-21,針XY4組,VS2510042,CIC017C43Z5,COSTCO 2026 40罐EVA壓膜折疊冰袋,Z5/灰褐色17-1311TPG,83920,針車,900
2026-03-21,針XY5組,VS2510042,CIC017C43Z5,COSTCO 2026 40罐EVA壓膜折疊冰袋,Z5/灰褐色17-1311TPG,83920,針車,900
2026-03-21,針XY6組,VS2510042,CIC017C43Z4,COSTCO 2026 40罐EVA壓膜折疊冰袋,Z4/烏黑19-4104TPG,127120,針車,900
2026-03-21,針BH1組,VS2601024,CIW211C13B1,24罐無拉鏈冰袋,B1/海藍色19-4042TPG,20000,成型,1100
2026-03-21,針BH2組,VS2510016,CIW215C11W0,16罐無拉鏈冰袋,W0/白色,30794,成型,920
2026-03-21,針BH3組,VS2512015,CIW015C10-2A0,"10-2""側開午餐袋(無插扣)",A0/黑色/灰色,21216,成型,1400
2026-03-21,針BH4組,VS2601009,CIW034C8Z8,"8""方形午餐袋",Z8/四維立體印花,12064,成型,1900
2026-03-21,針BH6組,VS2512001,CIW211C12B1,12罐無拉鏈冰袋,B1/海藍色19-4042TPG,40000,成型,761
2026-03-21,外協組,VS2511039,CIS022C01Z05,"SAM'S 26""大購物袋 2026 H1",Z05/紅色+淡橙色,54185,,1400
2026-03-21,外協組,VS2511039,CIS022C01Z09,"SAM'S 26""大購物袋 2026 H1",Z09/米白+藍色,65021,,1440
2026-03-21,外協組,VS2511029,STA015D10.8N1,"10.8""午餐袋",NAVY/海軍藍,1000,,284
2026-03-21,外協組,VS2511029,STA015D10.8P1,"10.8""午餐袋",PINK/粉色,1100,,50
2026-03-22,針三組,VS2510005,CIS073C17Z4,SAM'S 2026 9寸保鮮午餐桶 5721SU,粉色+桃紅,23778,針車,630
2026-03-22,針四組,VS2511041,VIC261D19A0,19寸登機旅行袋全球版,黑色,500,針車,70
2026-03-22,針五組,VS2511043,VIC340B18A0,18寸商務背包,黑色,500,針車,30
2026-03-22,針七組,VS2512020,SPG200K16A0,冰袋背包(sanmar), 黑色 BLACK,2340,針車,300
2026-03-22,針九組,VS2511024,CIS073C17Z2,SAM'S 2026 9寸保鮮午餐桶 5721SU,黑色+深灰,45185,針車,680
2026-03-22,針十二组,VS2511024,CIS073C17Z3,SAM'S 2026 9寸保鮮午餐桶 5721SU,藍色+藏藍,45185,針車,680
2026-03-23,外協組,VS2511039,CIS022C01Z05,"SAM'S 26""大購物袋 2026 H1",Z05/紅色+淡橙色,54185,,1400
2026-03-23,外協組,VS2511039,CIS022C01Z09,"SAM'S 26""大購物袋 2026 H1",Z09/米白+藍色,65021,,1420
2026-03-23,外協組,VS2511029,STA015D10.8B1,"10.8""午餐袋",BLUE/藍色,600,,200
2026-03-23,外協組,VS2511029,STA015D10.8R1,"10.8""午餐袋",RED/紅色,500,,50
2026-03-23,外協組,VS2511029,STA015D10.8Y1,"10.8""午餐袋",YELLOW/黃色,700,,50
2026-03-23,針一組,VS2512006,SPG210K9AT0,高級午餐袋,棕色CARHARTT BROWN,6970,針車,863
2026-03-23,針XY2組,VS2510029,CIC016C44Z1,"10""EVA壓膜午餐袋",Z1/石灰色15-4305TPG,4805,針車,1070
2026-03-23,針XY3組,VS2510042,CIC017C43Z4,COSTCO 2026 40罐EVA壓膜折疊冰袋,Z4/烏黑19-4104TPG,127120,針車,950
2026-03-23,針XY4組,VS2510042,CIC017C43Z5,COSTCO 2026 40罐EVA壓膜折疊冰袋,Z5/灰褐色17-1311TPG,83920,針車,950
2026-03-23,針二組,VS2512034,SPG210K162T0,16寸工具袋C0（常規）,棕色CARHARTT BROWN,1125,針車,312
2026-03-23,針三組,VS2510005,CIS073C17Z4,SAM'S 2026 9寸保鮮午餐桶 5721SU,粉色+桃紅,23778,針車,745
2026-03-23,針四組,VS2511041,VIC261D19A0,19寸登機旅行袋全球版,黑色,500,針車,77
2026-03-23,針XY5組,VS2510042,CIC017C43Z5,COSTCO 2026 40罐EVA壓膜折疊冰袋,Z5/灰褐色17-1311TPG,83920,針車,950
2026-03-23,針XY6組,VS2510042,CIC017C43Z4,COSTCO 2026 40罐EVA壓膜折疊冰袋,Z4/烏黑19-4104TPG,127120,針車,950
2026-03-23,針BH1組,VS2601024,CIW211C13B1,24罐無拉鏈冰袋,B1/海藍色19-4042TPG,20000,成型,1000
2026-03-23,針BH2組,VS2510016,CIW215C11W0,16罐無拉鏈冰袋,W0/白色,30794,成型,900
2026-03-23,針BH3組,VS2512015,CIW015C10-2A0,"10-2""側開午餐袋(無插扣)",A0/黑色/灰色,21216,成型,1395
2026-03-23,針BH4組,VS2601010,CIW034C8Z4,"8""方形午餐袋",Z4/星夜群星圖案印花,30456,成型,1950
2026-03-23,針BH6組,VS2512001,CIW211C12B1,12罐無拉鏈冰袋,B1/海藍色19-4042TPG,40000,成型,900
2026-03-23,針五組,VS2511043,VIC340B18A0,18寸商務背包,黑色,500,針車,42
2026-03-23,針六組,VS2511029,STA015B13.5Z1,"13.5""雙肩背包-直升機",直升機,500,針車,115
2026-03-23,針七組,VS2512020,SPG200K16A0,冰袋背包(sanmar), 黑色 BLACK,2340,針車,530
2026-03-23,針八組,VS2510005,CIS073C17Z2,SAM'S 2026 9寸保鮮午餐桶 5721SU,黑色+深灰,45558,針車,800
2026-03-23,針九組,VS2511024,CIS073C17Z2,SAM'S 2026 9寸保鮮午餐桶 5721SU,黑色+深灰,45185,針車,854
2026-03-23,針十组,1,配件,,,999999,針車,0
2026-03-23,針十一组,VS2506001,CIS045C15Z3,SAM'S 2026 16罐無拉鏈冰袋,Z3/藻綠18-0312TPG,44730,針車,178
2026-03-23,針十二组,VS2511024,CIS073C17Z3,SAM'S 2026 9寸保鮮午餐桶 5721SU,藍色+藏藍,45185,針車,850
2026-03-23,打釘組A,1,配件,,,999999,後整,0
2026-03-23,針XY1組,VS2511029,STA015B14.6R1,"14.6""雙肩背包",RED/紅色,500,針車,250
2026-03-23,針XY1組,VS2511029,STA015B14.6P1,"14.6""雙肩背包",PINK/粉色,550,針車,50
2026-03-24,針BH6組,VS2512001,CIW211C12B1,12罐無拉鏈冰袋,B1/海藍色19-4042TPG,40000,成型,800
2026-03-24,針一組,VS2512006,SPG210K9AT0,高級午餐袋,棕色CARHARTT BROWN,6970,針車,900
2026-03-24,針二組,VS2512034,SPG210K162T0,16寸工具袋C0（常規）,棕色CARHARTT BROWN,1125,針車,259
2026-03-24,針三組,VS2510005,CIS073C17Z4,SAM'S 2026 9寸保鮮午餐桶 5721SU,粉色+桃紅,23778,針車,850
2026-03-24,針四組,VS2511041,VIC261D19A0,19寸登機旅行袋全球版,黑色,500,針車,13
2026-03-24,針四組,VS2511042,VIC200B16A0,"16""單肩背包",BLACK黑色,1000,針車,9
2026-03-24,針五組,VS2511043,VIC340B18A0,18寸商務背包,黑色,500,針車,43
2026-03-24,針六組,VS2511029,STA015B13.5Z1,"13.5""雙肩背包-直升機",直升機,500,針車,25
2026-03-24,針七組,VS2512020,SPG200K16A0,冰袋背包(sanmar), 黑色 BLACK,2340,針車,406
2026-03-24,針七組,VS2512020,SPG200K16T0,冰袋背包（SANMAR),棕色CARHARTT BROWN,2064,針車,124
2026-03-24,針八組,VS2510005,CIS073C17Z2,SAM'S 2026 9寸保鮮午餐桶 5721SU,黑色+深灰,45558,針車,720
2026-03-24,針九組,VS2511024,CIS073C17Z2,SAM'S 2026 9寸保鮮午餐桶 5721SU,黑色+深灰,45185,針車,920
2026-03-24,針十组,1,配件,,,999999,針車,0
2026-03-24,針十一组,VS2506001,CIS045C15Z1,SAM'S 2026 16罐無拉鏈冰袋,Z1/深灰19-0203TPG,56658,針車,500
2026-03-24,針十二组,VS2511024,CIS073C17Z3,SAM'S 2026 9寸保鮮午餐桶 5721SU,藍色+藏藍,45185,針車,850
2026-03-24,打釘組A,1,配件,,,999999,後整,0
2026-03-24,針XY1組,VS2511029,STA015B14.6P1,"14.6""雙肩背包",PINK/粉色,550,針車,300
2026-03-24,針XY2組,VS2510029,CIC016C44Z1,"10""EVA壓膜午餐袋",Z1/石灰色15-4305TPG,4805,針車,1150
2026-03-24,針XY3組,VS2510042,CIC017C43Z4,COSTCO 2026 40罐EVA壓膜折疊冰袋,Z4/烏黑19-4104TPG,127120,針車,950
2026-03-24,針XY4組,VS2510042,CIC017C43Z5,COSTCO 2026 40罐EVA壓膜折疊冰袋,Z5/灰褐色17-1311TPG,83920,針車,950
2026-03-24,針XY5組,VS2510042,CIC017C43Z5,COSTCO 2026 40罐EVA壓膜折疊冰袋,Z5/灰褐色17-1311TPG,83920,針車,950
2026-03-24,針XY6組,VS2510042,CIC017C43Z4,COSTCO 2026 40罐EVA壓膜折疊冰袋,Z4/烏黑19-4104TPG,127120,針車,950
2026-03-24,針BH1組,VS2601024,CIW211C13B1,24罐無拉鏈冰袋,B1/海藍色19-4042TPG,20000,成型,1150
2026-03-24,針BH2組,VS2510016,CIW215C11W0,16罐無拉鏈冰袋,W0/白色,30794,成型,900
2026-03-24,針BH3組,VS2512015,CIW015C10-2A0,"10-2""側開午餐袋(無插扣)",A0/黑色/灰色,21216,成型,1265
2026-03-24,針BH4組,VS2601010,CIW034C8Z4,"8""方形午餐袋",Z4/星夜群星圖案印花,30456,成型,1950
2026-03-24,外協組,VS2511039,CIS022C01Z05,"SAM'S 26""大購物袋 2026 H1",Z05/紅色+淡橙色,54185,,1400
2026-03-24,外協組,VS2511039,CIS022C01Z09,"SAM'S 26""大購物袋 2026 H1",Z09/米白+藍色,65021,,1400
2026-03-25,外協組,VS2512007,SPG240K08A0,豎開手提午餐袋,BLACK黑色,506,,60
2026-03-25,外協組,VS2511039,CIS022C01Z05,"SAM'S 26""大購物袋 2026 H1",Z05/紅色+淡橙色,54185,,1400
2026-03-25,外協組,VS2511039,CIS022C01Z09,"SAM'S 26""大購物袋 2026 H1",Z09/米白+藍色,65021,,800
2026-03-25,外協組,VS2511029,STA015D10.8B1,"10.8""午餐袋",BLUE/藍色,600,,200
2026-03-25,外協組,VS2511029,STA015D10.8P1,"10.8""午餐袋",PINK/粉色,1100,,110
2026-03-25,外協組,VS2511029,STA015D10.8R1,"10.8""午餐袋",RED/紅色,500,,20
2026-03-25,外協組,VS2511029,STA015D10.8Y1,"10.8""午餐袋",YELLOW/黃色,700,,20
2026-03-25,針一組,VS2512006,SPG210K9AT0,高級午餐袋,棕色CARHARTT BROWN,6970,針車,1000
2026-03-25,針二組,VS2512021,SPG200K11T0,工具手提包,棕色 CARHARTT BROWN,4728,針車,100
2026-03-25,針三組,VS2511024,CIS073C17Z4,SAM'S 2026 9寸保鮮午餐桶 5721SU,粉色+桃紅,26645,針車,850
2026-03-25,針四組,VS2511040,VIC170-2B20A0,旅行背包（肩帶尾調節方式改同VIC150）,BLACK黑色,1048,針車,100
2026-03-25,針五組,VS2511043,VIC340B19A0,19寸登機背包,黑色,500,針車,20
2026-03-25,針六組,VS2512018,SPG200K13A0,SANMAR工具袋,SANMAR工具袋 黑色(BLACK),2035,針車,43
2026-03-25,針七組,VS2512020,SPG200K16T0,冰袋背包（SANMAR),棕色CARHARTT BROWN,2064,針車,530
2026-03-25,針八組,VS2510005,CIS073C17Z2,SAM'S 2026 9寸保鮮午餐桶 5721SU,黑色+深灰,45558,針車,680
2026-03-25,針九組,VS2511024,CIS073C17Z2,SAM'S 2026 9寸保鮮午餐桶 5721SU,黑色+深灰,45185,針車,920
2026-03-25,針十组,1,配件,,,999999,針車,0
2026-03-25,針十一组,VS2506001,CIS045C15Z1,SAM'S 2026 16罐無拉鏈冰袋,Z1/深灰19-0203TPG,56658,針車,661
2026-03-25,針十二组,VS2511024,CIS073C17Z3,SAM'S 2026 9寸保鮮午餐桶 5721SU,藍色+藏藍,45185,針車,850
2026-03-25,打釘組A,1,配件,,,999999,後整,0
2026-03-25,針XY1組,VS2511029,STA015B14.6P1,"14.6""雙肩背包",PINK/粉色,550,針車,200
2026-03-25,針XY1組,VS2511029,STA015B14.6Y1,"14.6""雙肩背包",YELLWO/黃色,500,針車,100
2026-03-25,針XY2組,VS2510029,CIC016C44Z3,"10""EVA壓膜午餐袋",Z3/黑色,8405,針車,1100
2026-03-25,針XY3組,VS2510042,CIC017C43Z4,COSTCO 2026 40罐EVA壓膜折疊冰袋,Z4/烏黑19-4104TPG,127120,針車,950
2026-03-25,針XY4組,VS2510042,CIC017C43Z5,COSTCO 2026 40罐EVA壓膜折疊冰袋,Z5/灰褐色17-1311TPG,83920,針車,950
2026-03-25,針XY5組,VS2510042,CIC017C43Z5,COSTCO 2026 40罐EVA壓膜折疊冰袋,Z5/灰褐色17-1311TPG,83920,針車,950
2026-03-25,針XY6組,VS2510042,CIC017C43Z4,COSTCO 2026 40罐EVA壓膜折疊冰袋,Z4/烏黑19-4104TPG,127120,針車,950
2026-03-25,針BH1組,VS2601024,CIW211C13B1,24罐無拉鏈冰袋,B1/海藍色19-4042TPG,20000,成型,1170
2026-03-25,針BH2組,VS2510016,CIW215C11W0,16罐無拉鏈冰袋,W0/白色,30794,成型,900
2026-03-25,針BH3組,VS2512015,CIW015C10-2A0,"10-2""側開午餐袋(無插扣)",A0/黑色/灰色,21216,成型,1265
2026-03-25,針BH4組,VS2601010,CIW034C8Z4,"8""方形午餐袋",Z4/星夜群星圖案印花,30456,成型,1950
2026-03-25,針BH6組,VS2512001,CIW211C12B1,12罐無拉鏈冰袋,B1/海藍色19-4042TPG,40000,成型,907
2026-03-26,外協組,VS2511039,CIS022C01Z05,"SAM'S 26""大購物袋 2026 H1",Z05/紅色+淡橙色,54185,,1400
2026-03-26,外協組,VS2512007,SPG240K08A0,豎開手提午餐袋,BLACK黑色,506,,100
2026-03-26,外協組,VS2511029,STA015D10.8P1,"10.8""午餐袋",PINK/粉色,1100,,400
2026-03-26,針一組,VS2512006,SPG210K9AT0,高級午餐袋,棕色CARHARTT BROWN,6970,針車,941
2026-03-26,針二組,1,配件,,,999999,針車,0
2026-03-26,針三組,VS2511024,CIS073C17Z4,SAM'S 2026 9寸保鮮午餐桶 5721SU,粉色+桃紅,26645,針車,850
2026-03-26,針四組,VS2511040,VIC170-2B20A0,旅行背包（肩帶尾調節方式改同VIC150）,BLACK黑色,1048,針車,154
2026-03-26,針五組,VS2511043,VIC340B19A0,19寸登機背包,黑色,500,針車,42
2026-03-26,針六組,VS2511029,STA015B13.5Z1,"13.5""雙肩背包-直升機",直升機,500,針車,66
2026-03-26,針七組,VS2512020,SPG200K16T0,冰袋背包（SANMAR),棕色CARHARTT BROWN,2064,針車,550
2026-03-26,針八組,VS2510005,CIS073C17Z2,SAM'S 2026 9寸保鮮午餐桶 5721SU,黑色+深灰,45558,針車,680
2026-03-26,針九組,VS2511024,CIS073C17Z2,SAM'S 2026 9寸保鮮午餐桶 5721SU,黑色+深灰,45185,針車,850
2026-03-26,針十组,1,配件,,,999999,針車,0
2026-03-26,針十一组,VS2506001,CIS045C15Z1,SAM'S 2026 16罐無拉鏈冰袋,Z1/深灰19-0203TPG,56658,針車,694
2026-03-26,針十二组,VS2511024,CIS073C17Z3,SAM'S 2026 9寸保鮮午餐桶 5721SU,藍色+藏藍,45185,針車,850
2026-03-26,打釘組A,1,配件,,,999999,後整,0
2026-03-26,針XY1組,VS2511029,STA015B14.6Y1,"14.6""雙肩背包",YELLWO/黃色,500,針車,250
2026-03-26,針XY2組,VS2510029,CIC016C44Z3,"10""EVA壓膜午餐袋",Z3/黑色,8405,針車,1100
2026-03-26,針XY3組,VS2510042,CIC017C43Z4,COSTCO 2026 40罐EVA壓膜折疊冰袋,Z4/烏黑19-4104TPG,127120,針車,950
2026-03-26,針XY4組,VS2510042,CIC017C43Z5,COSTCO 2026 40罐EVA壓膜折疊冰袋,Z5/灰褐色17-1311TPG,83920,針車,950
2026-03-26,針XY5組,VS2510042,CIC017C43Z5,COSTCO 2026 40罐EVA壓膜折疊冰袋,Z5/灰褐色17-1311TPG,83920,針車,950
2026-03-26,針XY6組,VS2510042,CIC017C43Z4,COSTCO 2026 40罐EVA壓膜折疊冰袋,Z4/烏黑19-4104TPG,127120,針車,950
2026-03-26,針BH1組,VS2601024,CIW211C13B1,24罐無拉鏈冰袋,B1/海藍色19-4042TPG,20000,成型,1170
2026-03-26,針BH2組,VS2510016,CIW215C11W0,16罐無拉鏈冰袋,W0/白色,30794,成型,900
2026-03-26,針BH3組,VS2512015,CIW015C10-2A0,"10-2""側開午餐袋(無插扣)",A0/黑色/灰色,21216,成型,1085
2026-03-26,針BH4組,VS2601010,CIW034C8Z4,"8""方形午餐袋",Z4/星夜群星圖案印花,30456,成型,1900
2026-03-26,針BH6組,VS2512001,CIW211C12B1,12罐無拉鏈冰袋,B1/海藍色19-4042TPG,40000,成型,910
2026-03-27,外協組,VS2511039,CIS022C01Z05,"SAM'S 26""大購物袋 2026 H1",Z05/紅色+淡橙色,54185,,1400
2026-03-27,外協組,VS2512007,SPG240K08A0,豎開手提午餐袋,BLACK黑色,506,,100
2026-03-27,外協組,VS2511029,STA015D10.8R1,"10.8""午餐袋",RED/紅色,500,,20
2026-03-27,外協組,VS2511029,STA015D10.8Y1,"10.8""午餐袋",YELLOW/黃色,700,,400
2026-03-27,針一組,VS2512006,SPG210K9AT0,高級午餐袋,棕色CARHARTT BROWN,6970,針車,1000
2026-03-27,針二組,VS2512007,SPG240K13A0,18罐兩層冰袋,BLACK 黑色,500,針車,50
2026-03-27,針三組,VS2511024,CIS073C17Z4,SAM'S 2026 9寸保鮮午餐桶 5721SU,粉色+桃紅,26645,針車,850
2026-03-27,針四組,VS2511040,VIC170-2B20A0,旅行背包（肩帶尾調節方式改同VIC150）,BLACK黑色,1048,針車,180
2026-03-27,針五組,VS2511042,VIC170B15AA0,15寸背包,BLACK 黑色,1000,針車,10
2026-03-27,針五組,VS2511043,VIC340B19A0,19寸登機背包,黑色,500,針車,80
2026-03-27,針六組,VS2511029,STA015B13.5Z1,"13.5""雙肩背包-直升機",直升機,500,針車,50
2026-03-27,針六組,VS2511029,STA015B13.6N1,"13.6""雙肩背包",NANY/海軍藍,500,針車,140
2026-03-27,針七組,VS2512020,SPG200K16T0,冰袋背包（SANMAR),棕色CARHARTT BROWN,2064,針車,550
2026-03-27,針八組,VS2510005,CIS073C17Z2,SAM'S 2026 9寸保鮮午餐桶 5721SU,黑色+深灰,45558,針車,550
2026-03-27,針九組,VS2511024,CIS073C17Z2,SAM'S 2026 9寸保鮮午餐桶 5721SU,黑色+深灰,45185,針車,851
2026-03-27,針十组,1,配件,,,999999,針車,0
2026-03-27,針十一组,VS2506001,CIS045C15Z1,SAM'S 2026 16罐無拉鏈冰袋,Z1/深灰19-0203TPG,56658,針車,603
2026-03-27,針十二组,VS2511024,CIS073C17Z3,SAM'S 2026 9寸保鮮午餐桶 5721SU,藍色+藏藍,45185,針車,850
2026-03-27,打釘組A,1,配件,,,999999,後整,0
2026-03-27,針XY1組,VS2511029,STA015B14.6Y1,"14.6""雙肩背包",YELLWO/黃色,500,針車,150
2026-03-27,針XY1組,VS2511029,STA015B14.6B1,"14.6""雙肩背包",BLUE/藍色,500,針車,5
2026-03-27,針XY2組,VS2510029,CIC016C44Z3,"10""EVA壓膜午餐袋",Z3/黑色,8405,針車,1100
2026-03-27,針XY3組,VS2510042,CIC017C43Z4,COSTCO 2026 40罐EVA壓膜折疊冰袋,Z4/烏黑19-4104TPG,127120,針車,950
2026-03-27,針XY4組,VS2510042,CIC017C43Z5,COSTCO 2026 40罐EVA壓膜折疊冰袋,Z5/灰褐色17-1311TPG,83920,針車,950
2026-03-27,針XY5組,VS2510042,CIC017C43Z5,COSTCO 2026 40罐EVA壓膜折疊冰袋,Z5/灰褐色17-1311TPG,83920,針車,950
2026-03-27,針XY6組,VS2510042,CIC017C43Z4,COSTCO 2026 40罐EVA壓膜折疊冰袋,Z4/烏黑19-4104TPG,127120,針車,950
2026-03-27,針BH1組,VS2601024,CIW211C13B1,24罐無拉鏈冰袋,B1/海藍色19-4042TPG,20000,成型,1170
2026-03-27,針BH2組,VS2510016,CIW215C11W0,16罐無拉鏈冰袋,W0/白色,30794,成型,900
2026-03-27,針BH3組,VS2512015,CIW015C10-2A0,"10-2""側開午餐袋(無插扣)",A0/黑色/灰色,21216,成型,1300
2026-03-27,針BH4組,VS2601010,CIW034C8Z4,"8""方形午餐袋",Z4/星夜群星圖案印花,30456,成型,1900
2026-03-27,針BH6組,VS2512001,CIW211C12B1,12罐無拉鏈冰袋,B1/海藍色19-4042TPG,40000,成型,950
2026-03-28,外協組,VS2511039,CIS022C01Z05,"SAM'S 26""大購物袋 2026 H1",Z05/紅色+淡橙色,54185,,1400
2026-03-28,外協組,VS2512007,SPG240K08A0,豎開手提午餐袋,BLACK黑色,506,,200
2026-03-28,外協組,VS2511029,STA015D10.8R1,"10.8""午餐袋",RED/紅色,500,,250
2026-03-28,外協組,VS2511029,STA015D10.8Y1,"10.8""午餐袋",YELLOW/黃色,700,,110
2026-03-28,針一組,VS2512006,SPG210K9AT0,高級午餐袋,棕色CARHARTT BROWN,6970,針車,541
2026-03-28,針二組,VS2512007,SPG240K13A0,18罐兩層冰袋,BLACK 黑色,500,針車,132
2026-03-28,針三組,VS2511024,CIS073C17Z4,SAM'S 2026 9寸保鮮午餐桶 5721SU,粉色+桃紅,26645,針車,850
2026-03-28,針四組,VS2511040,VIC170-2B20A0,旅行背包（肩帶尾調節方式改同VIC150）,BLACK黑色,1048,針車,181
2026-03-28,針五組,VS2511043,VIC340B19A0,19寸登機背包,黑色,500,針車,82
2026-03-28,針六組,VS2511029,STA015B13.6N1,"13.6""雙肩背包",NANY/海軍藍,500,針車,223
2026-03-28,針七組,VS2512020,SPG200K16T0,冰袋背包（SANMAR),棕色CARHARTT BROWN,2064,針車,310
2026-03-28,針八組,VS2510005,CIS073C17Z2,SAM'S 2026 9寸保鮮午餐桶 5721SU,黑色+深灰,45558,針車,525
2026-03-28,針九組,VS2511024,CIS073C17Z2,SAM'S 2026 9寸保鮮午餐桶 5721SU,黑色+深灰,45185,針車,850
2026-03-28,針十组,1,配件,,,999999,針車,0
2026-03-28,針十一组,VS2506001,CIS045C15Z3,SAM'S 2026 16罐無拉鏈冰袋,Z3/藻綠18-0312TPG,44730,針車,301
2026-03-28,針十一组,VS2506001,CIS045C15Z1,SAM'S 2026 16罐無拉鏈冰袋,Z1/深灰19-0203TPG,56658,針車,390
2026-03-28,針十二组,VS2511024,CIS073C17Z3,SAM'S 2026 9寸保鮮午餐桶 5721SU,藍色+藏藍,45185,針車,850
2026-03-28,打釘組A,1,配件,,,999999,後整,0
2026-03-28,針XY1組,VS2511030,STA015B14.6B1,"14.6""雙肩背包",BLUE/藍色,2,針車,2
2026-03-28,針XY1組,VS2511030,STA015B14.6N1,"14.6""雙肩背包",NAVY/海軍藍,2,針車,2
2026-03-28,針XY1組,VS2511030,STA015B14.6P1,"14.6""雙肩背包",PINK/粉色,2,針車,2
2026-03-28,針XY1組,VS2511030,STA015B14.6R1,"14.6""雙肩背包",RED/紅色,2,針車,2
2026-03-28,針XY1組,VS2511030,STA015B14.6Y1,"14.6""雙肩背包",YELLWO/黃色,2,針車,2
2026-03-28,針XY1組,VS2511029,STA015B15.6B1,"15.6""雙肩背包",BLUE/藍色,500,針車,160
2026-03-28,針XY2組,VS2510029,CIC016C44Z3,"10""EVA壓膜午餐袋",Z3/黑色,8405,針車,1100
2026-03-28,針XY3組,VS2510042,CIC017C43Z4,COSTCO 2026 40罐EVA壓膜折疊冰袋,Z4/烏黑19-4104TPG,127120,針車,950
2026-03-28,針XY4組,VS2510042,CIC017C43Z5,COSTCO 2026 40罐EVA壓膜折疊冰袋,Z5/灰褐色17-1311TPG,83920,針車,950
2026-03-28,針XY5組,VS2510042,CIC017C43Z5,COSTCO 2026 40罐EVA壓膜折疊冰袋,Z5/灰褐色17-1311TPG,83920,針車,950
2026-03-28,針XY6組,VS2510042,CIC017C43Z4,COSTCO 2026 40罐EVA壓膜折疊冰袋,Z4/烏黑19-4104TPG,127120,針車,950
2026-03-28,針BH1組,VS2601024,CIW211C13B1,24罐無拉鏈冰袋,B1/海藍色19-4042TPG,20000,成型,1170
2026-03-28,針BH6組,VS2512001,CIW211C12B1,12罐無拉鏈冰袋,B1/海藍色19-4042TPG,40000,成型,695
2026-03-28,針BH2組,VS2510016,CIW215C11W0,16罐無拉鏈冰袋,W0/白色,30794,成型,900
2026-03-28,針BH3組,VS2512015,CIW015C10-2A0,"10-2""側開午餐袋(無插扣)",A0/黑色/灰色,21216,成型,103
2026-03-28,針BH3組,VS2512045,CIW028C10A0,"10""側開午餐袋（無插扣）",A0/黑色,20799,成型,1120
2026-03-28,針BH4組,VS2601010,CIW034C8Z4,"8""方形午餐袋",Z4/星夜群星圖案印花,30456,成型,1900
2026-03-29,針二組,VS2512007,SPG240K13A0,18罐兩層冰袋,BLACK 黑色,500,針車,82
2026-03-29,針四組,VS2511040,VIC170-2B20A0,旅行背包（肩帶尾調節方式改同VIC150）,BLACK黑色,1048,針車,142
2026-03-29,針五組,VS2511043,VIC340B19A0,19寸登機背包,黑色,500,針車,53
2026-03-29,針六組,VS2511029,STA015B13.6N1,"13.6""雙肩背包",NANY/海軍藍,500,針車,137
2026-03-29,針六組,VS2511029,STA015B13.6Y1,"13.6""雙肩背包",YELLOW/黃色,500,針車,17
2026-03-30,外協組,VS2511039,CIS022C01Z05,"SAM'S 26""大購物袋 2026 H1",Z05/紅色+淡橙色,54185,,1400
2026-03-30,外協組,VS2511029,STA015D10.8B1,"10.8""午餐袋",BLUE/藍色,600,,70
2026-03-30,外協組,VS2511029,STA015D10.8P1,"10.8""午餐袋",PINK/粉色,1100,,125
2026-03-30,外協組,VS2511029,STA015D10.8R1,"10.8""午餐袋",RED/紅色,500,,50
2026-03-30,外協組,VS2511029,STA015D10.8Y1,"10.8""午餐袋",YELLOW/黃色,700,,105
2026-03-30,外協組,VS2512007,SPG240K08A0,豎開手提午餐袋,BLACK黑色,506,,26
2026-03-30,外協組,VS2512007,SPG240K08T0,豎開手提午餐袋,CARHARTT BROWN,506,,4
2026-03-30,針一組,VS2512035,SPG171B10A0,12罐冰袋,BLACK黑色,1824,針車,400
2026-03-30,針二組,1,配件,,,999999,針車,0
2026-03-30,針三組,VS2511024,CIS073C17Z4,SAM'S 2026 9寸保鮮午餐桶 5721SU,粉色+桃紅,26645,針車,810
2026-03-30,針四組,VS2511040,VIC170-2B20A0,旅行背包（肩帶尾調節方式改同VIC150）,BLACK黑色,1048,針車,180
2026-03-30,針五組,VS2511043,VIC340B19A0,19寸登機背包,黑色,500,針車,57
2026-03-30,針五組,VS2511043,VIC340B18A0,18寸商務背包,黑色,500,針車,6
2026-03-30,針六組,VS2511029,STA015B13.6Y1,"13.6""雙肩背包",YELLOW/黃色,500,針車,245
2026-03-30,針七組,VS2511002,SAM220K12N0,"17.71""旅行袋(Weekender)",深藍色NAVY,800,針車,10
2026-03-30,針八組,VS2510005,CIS073C17Z2,SAM'S 2026 9寸保鮮午餐桶 5721SU,黑色+深灰,45558,針車,636
2026-03-30,針九組,VS2511024,CIS073C17Z2,SAM'S 2026 9寸保鮮午餐桶 5721SU,黑色+深灰,45185,針車,850
2026-03-30,針十组,1,配件,,,999999,針車,0
2026-03-30,針十一组,VS2506001,CIS045C15Z3,SAM'S 2026 16罐無拉鏈冰袋,Z3/藻綠18-0312TPG,44730,針車,133
2026-03-30,針十一组,VS2506001,CIS045C15Z2,SAM'S 2026 16罐無拉鏈冰袋,Z2/藍色18-3949TPG,32802,針車,503
2026-03-30,針十二组,VS2511024,CIS073C17Z3,SAM'S 2026 9寸保鮮午餐桶 5721SU,藍色+藏藍,45185,針車,750
2026-03-30,打釘組A,1,配件,,,999999,後整,0
2026-03-30,針XY1組,VS2511029,STA015B15.6B1,"15.6""雙肩背包",BLUE/藍色,500,針車,200
2026-03-30,針XY2組,VS2510029,CIC016C44Z3,"10""EVA壓膜午餐袋",Z3/黑色,8405,針車,1000
2026-03-30,針XY3組,VS2510042,CIC017C43Z4,COSTCO 2026 40罐EVA壓膜折疊冰袋,Z4/烏黑19-4104TPG,127120,針車,870
2026-03-30,針XY4組,VS2510042,CIC017C43Z5,COSTCO 2026 40罐EVA壓膜折疊冰袋,Z5/灰褐色17-1311TPG,83920,針車,870
2026-03-30,針XY5組,VS2510042,CIC017C43Z5,COSTCO 2026 40罐EVA壓膜折疊冰袋,Z5/灰褐色17-1311TPG,83920,針車,870
2026-03-30,針XY6組,VS2510042,CIC017C43Z4,COSTCO 2026 40罐EVA壓膜折疊冰袋,Z4/烏黑19-4104TPG,127120,針車,870
2026-03-30,針BH1組,VS2601024,CIW211C13B1,24罐無拉鏈冰袋,B1/海藍色19-4042TPG,20000,成型,1170
2026-03-30,針BH2組,VS2510016,CIW215C11W0,16罐無拉鏈冰袋,W0/白色,30794,成型,950
2026-03-30,針BH3組,VS2512015,CIW015C10-2A0,"10-2""側開午餐袋(無插扣)",A0/黑色/灰色,21216,成型,1078
2026-03-30,針BH3組,VS2512045,CIW028C10A0,"10""側開午餐袋（無插扣）",A0/黑色,20799,成型,180
2026-03-30,針BH4組,VS2601010,CIW034C8Z4,"8""方形午餐袋",Z4/星夜群星圖案印花,30456,成型,1950
2026-03-30,針BH6組,VS2512001,CIW211C12B1,12罐無拉鏈冰袋,B1/海藍色19-4042TPG,40000,成型,900
2026-03-31,外協組,VS2511039,CIS022C01Z05,"SAM'S 26""大購物袋 2026 H1",Z05/紅色+淡橙色,54185,,1400
2026-03-31,外協組,VS2512007,SPG240K08T0,豎開手提午餐袋,CARHARTT BROWN,506,,200
2026-03-31,外協組,VS2511029,STA015D10.8P1,"10.8""午餐袋",PINK/粉色,1100,,250
2026-03-31,針XY2組,VS2510029,CIC016C44Z3,"10""EVA壓膜午餐袋",Z3/黑色,8405,針車,1100
2026-03-31,針XY3組,VS2510042,CIC017C43Z4,COSTCO 2026 40罐EVA壓膜折疊冰袋,Z4/烏黑19-4104TPG,127120,針車,500
2026-03-31,針XY4組,VS2510042,CIC017C43Z5,COSTCO 2026 40罐EVA壓膜折疊冰袋,Z5/灰褐色17-1311TPG,83920,針車,870
2026-03-31,針XY5組,VS2510042,CIC017C43Z5,COSTCO 2026 40罐EVA壓膜折疊冰袋,Z5/灰褐色17-1311TPG,83920,針車,870
2026-03-31,針XY6組,VS2510042,CIC017C43Z4,COSTCO 2026 40罐EVA壓膜折疊冰袋,Z4/烏黑19-4104TPG,127120,針車,870
2026-03-31,針BH1組,VS2601024,CIW211C13B1,24罐無拉鏈冰袋,B1/海藍色19-4042TPG,20000,成型,1150
2026-03-31,針BH2組,VS2510016,CIW215C11W0,16罐無拉鏈冰袋,W0/白色,30794,成型,970
2026-03-31,針一組,VS2512035,SPG171B10A0,12罐冰袋,BLACK黑色,1824,針車,780
2026-03-31,針二組,1,配件,,,999999,針車,0
2026-03-31,針三組,VS2511024,CIS073C17Z4,SAM'S 2026 9寸保鮮午餐桶 5721SU,粉色+桃紅,26645,針車,820
2026-03-31,針四組,VS2511040,VIC170-2B20A0,旅行背包（肩帶尾調節方式改同VIC150）,BLACK黑色,1048,針車,109
2026-03-31,針四組,VS2510025,VIC175T151A0,高級版拉桿電腦袋(漢莎航空）,黑色,250,針車,5
2026-03-31,針五組,VS2511043,VIC340B19A0,19寸登機背包,黑色,500,針車,48
2026-03-31,針六組,VS2511029,STA015B13.6Y1,"13.6""雙肩背包",YELLOW/黃色,500,針車,182
2026-03-31,針六組,VS2511029,STA015B13.5Z1,"13.5""雙肩背包-直升機",直升機,500,針車,61
2026-03-31,針七組,VS2511002,SAM220K12N0,"17.71""旅行袋(Weekender)",深藍色NAVY,800,針車,150
2026-03-31,針八組,VS2510005,CIS073C17Z2,SAM'S 2026 9寸保鮮午餐桶 5721SU,黑色+深灰,45558,針車,790
2026-03-31,針九組,VS2511024,CIS073C17Z2,SAM'S 2026 9寸保鮮午餐桶 5721SU,黑色+深灰,45185,針車,850
2026-03-31,針十组,VS2512030,SAM101B14A1,14.1''背包(NU ROAD),黑色/玫瑰金,470,針車,0
2026-03-31,針十一组,VS2506001,CIS045C15Z2,SAM'S 2026 16罐無拉鏈冰袋,Z2/藍色18-3949TPG,32802,針車,50
2026-03-31,針十二组,VS2511024,CIS073C17Z3,SAM'S 2026 9寸保鮮午餐桶 5721SU,藍色+藏藍,45185,針車,800
2026-03-31,打釘組A,VS2510025,VIC175T155A0,高級版拉桿電腦袋(歐洲之翼航空),黑色,250,後整,250
2026-03-31,打釘組A,VS2510025,VIC175T151A0,高級版拉桿電腦袋(漢莎航空）,黑色,250,後整,178
2026-03-31,針XY1組,VS2511029,STA015B15.6B1,"15.6""雙肩背包",BLUE/藍色,500,針車,140
2026-03-31,針XY1組,VS2511029,STA015B15.6N1,"15.6""雙肩背包",NAVY/海軍藍,500,針車,100
2026-03-31,針BH3組,VS2512045,CIW028C10A0,"10""側開午餐袋（無插扣）",A0/黑色,20799,成型,1150
2026-03-31,針BH4組,VS2601010,CIW034C8Z4,"8""方形午餐袋",Z4/星夜群星圖案印花,30456,成型,1950
2026-03-31,針BH6組,VS2512001,CIW211C12B1,12罐無拉鏈冰袋,B1/海藍色19-4042TPG,40000,成型,946
